Channel,Date,Start time,Film Code,Break Code,Advertiser,Brand,Agency,Holding Company,BARB Prog Before,BARB Prog After,Sales House,Major category,Mid category,Minor category,All PIB rel,All PIB pos,Log Station (2010-),Impacts A4+
ITV1 HD,26/03/2024,09:41:27,LBEDISN002020,CB,Walt disney company,Disneyland paris,Zenith uk media limi,Walt disney company,LORRAINE,LORRAINE,ITV SALES,Travel & transport,Holidays/overseas,Overseas resorts,First,1,ITV1 HD London Carlton,88
ITV1 HD,26/03/2024,09:41:47,ANOANGP104020,CB,Google uk,Google pixel 8 phone,Essence global limit,Google uk,LORRAINE,LORRAINE,ITV SALES,Telecoms,Telecoms equipment,Mobile handsets - smartphones,2nd,2,ITV1 HD London Carlton,88
ITV1 HD,26/03/2024,09:42:07,MLLDOPF060020,CB,Unilever uk home & p,Domestos power foam,Mindshare media uk l,Unilever,LORRAINE,LORRAINE,ITV SALES,Household fmcg,Hard surface cleaners,Toilet cleaners/fresheners,3rd,3,ITV1 HD London Carlton,91
ITV1 HD,26/03/2024,09:42:27,ACBLIUK090020,CB,Lidl uk gmbh,Lidl easter,Omd group limited,Lidl uk gmbh,LORRAINE,LORRAINE,ITV SALES,Food,Food brand building,Food & drink - multi product,Middle,4,ITV1 HD London Carlton,91
ITV1 HD,26/03/2024,09:42:47,DAAINSU007030,CB,Insure & go,Insure & go travel insurance,Medialab group limit,Insure & go,LORRAINE,LORRAINE,ITV SALES,Finance,General insurance,Travel & sport insurance,Middle,5,ITV1 HD London Carlton,91
ITV1 HD,26/03/2024,09:43:17,WPNALIL049060,CB,Age uk,Age uk weekly lottery,Medialab group limit,Age uk,LORRAINE,LORRAINE,ITV SALES,Entertainment & leisure,Gambling,Lottery,3rd last,6,ITV1 HD London Carlton,92
ITV1 HD,26/03/2024,09:44:17,PCHPPGP001010,CB,Consorzio tutela gra,Consorzio grana padano cheese,Consorzio per la tut,Consorzio per la tut,LORRAINE,LORRAINE,ITV SALES,Food,Dairy,Cheese - continental,2nd last,7,ITV1 HD London Carlton,86
ITV1 HD,26/03/2024,09:44:27,HASFCPA002030,CB,Fastcashproperty,Fast cash property,Advertising excellen,Fastcashproperty,LORRAINE,LORRAINE,ITV SALES,Property,Property services,General property services,Last,8,ITV1 HD London Carlton,86
ITV1 HD,26/03/2024,09:54:42,AMVMWMT059020,EB,Mars uk,Mars maltesers,Essencemediacom hold,Mars uk,LORRAINE,THIS MORNING,ITV SALES,Food,Confectionery & snacks,Chocolate - countlines,First,1,ITV1 HD London Carlton,93
ITV1 HD,26/03/2024,09:55:02,HOGHZBE665020,EB,H j heinz company,Heinz baked beans,Dentsu uk limited,H j heinz company,LORRAINE,THIS MORNING,ITV SALES,Food,Food cupboard / grocery,Tinned beans/pasta,2nd,2,ITV1 HD London Carlton,86
ITV1 HD,26/03/2024,09:55:22,BURTBUT070010,EB,Butlins skyline,Butlins holiday worlds drtv,Essencemediacom nort,Bourne leisure,LORRAINE,THIS MORNING,ITV SALES,Travel & transport,Holidays uk,Uk holiday resorts,3rd,3,ITV1 HD London Carlton,86
ITV1 HD,26/03/2024,09:55:32,HASFCPA002030,EB,Fastcashproperty,Fast cash property,Advertising excellen,Fastcashproperty,LORRAINE,THIS MORNING,ITV SALES,Property,Property services,General property services,Middle,4,ITV1 HD London Carlton,86
ITV1 HD,26/03/2024,09:56:02,HOGSKSH891020,EB,Skechers,Skechers sport shoes,Wavemaker limited,Skechers,LORRAINE,THIS MORNING,ITV SALES,Clothing & accessories,Footwear,Sports shoes and trainers,Middle,5,ITV1 HD London Carlton,86
ITV1 HD,26/03/2024,09:56:22,TTBGSVO075020,EB,Haleon uk,Voltarol pain relief,Spark foundry,Glaxosmithkline,LORRAINE,THIS MORNING,ITV SALES,Health & wellbeing,Medication,Muscular & rheumatic remedies,3rd last,6,ITV1 HD London Carlton,86
ITV1 HD,26/03/2024,09:56:42,TJUIDHS092030,EB,Media 10,Media 10 ideal home show,Media 10 limited,Media 10,LORRAINE,THIS MORNING,ITV SALES,Entertainment & leisure,Leisure activities,Exhibitions,2nd last,7,ITV1 HD London Carlton,86
ITV1 HD,26/03/2024,09:57:12,WPNALIL065060,EB,Age uk,Age uk weekly lottery,Medialab group limit,Age uk,LORRAINE,THIS MORNING,ITV SALES,Entertainment & leisure,Gambling,Lottery,Last,8,ITV1 HD London Carlton,86
ITV1 HD,26/03/2024,10:12:14,JWOCOMP018030,CB,Gocompare.com,Gocompare.com,Hearts & science lim,Gocompare.com,THIS MORNING,THIS MORNING,ITV SALES,Finance,General insurance,Multi product insurance,First,1,ITV1 HD London Carlton,80
ITV1 HD,26/03/2024,10:12:44,HOGBONS764020,CB,Boots company,Boots no 7 skincare serum,Essencemediacom hold,Boots company,THIS MORNING,THIS MORNING,ITV SALES,Cosmetics & personal care,Skincare,Skin serum,2nd,2,ITV1 HD London Carlton,80
ITV1 HD,26/03/2024,10:13:04,RVETBDD128020,CB,Tombola alderney,Tombola.co.uk online bingo,Essencemediacom hold,Tombola alderney,THIS MORNING,THIS MORNING,ITV SALES,Entertainment & leisure,Gambling,Bingo,3rd,3,ITV1 HD London Carlton,73
ITV1 HD,26/03/2024,10:13:24,RBRHISS250030,CB,Hillarys blinds,Hillarys blinds,Essencemediacom nort,Bellotto holdings,THIS MORNING,THIS MORNING,ITV SALES,Retail,Household,Furniture & furnishings,Middle,4,ITV1 HD London Carlton,73
ITV1 HD,26/03/2024,10:13:54,BURTTUI137030,CB,Tui uk,Tui holidays,Essencemediacom hold,Tui uk,THIS MORNING,THIS MORNING,ITV SALES,Travel & transport,Holidays/overseas,Overseas tour operators,Middle,5,ITV1 HD London Carlton,73
ITV1 HD,26/03/2024,10:14:24,DAAGOSH068060,CB,Great ormond street,Great ormond street hospital,Medialab group limit,Great ormond street,THIS MORNING,THIS MORNING,ITV SALES,Government social political organisation,Charities,Children charities,3rd last,6,ITV1 HD London Carlton,59
ITV1 HD,26/03/2024,10:15:24,WPPEUEP160010,CB,Euronics,Euronics electrical retailer,Mostly media limited,Euronics,THIS MORNING,THIS MORNING,ITV SALES,Electronics, household appliances & tech",Laundry & dishwashers,Washing machines,2nd last,7,ITV1 HD London Carlton,59
ITV1 HD,26/03/2024,10:15:34,JWOCOMP020010,CB,Gocompare.com,Gocompare.com,Hearts & science lim,Gocompare.com,THIS MORNING,THIS MORNING,ITV SALES,Finance,General insurance,Car insurance,Last,8,ITV1 HD London Carlton,59
ITV1 HD,26/03/2024,10:27:29,RVETBDD127030,CB,Tombola alderney,Tombola.co.uk online bingo,Essencemediacom hold,Tombola alderney,THIS MORNING,THIS MORNING,ITV SALES,Entertainment & leisure,Gambling,Bingo,First,1,ITV1 HD London Carlton,66
ITV1 HD,26/03/2024,10:27:59,HOGULCO016020,CB,Unilever uk home & p,Comfort fabric softener,Mindshare media uk l,Unilever,THIS MORNING,THIS MORNING,ITV SALES,Household fmcg,Laundry,Fabric softeners/conditioners,2nd,2,ITV1 HD London Carlton,66
ITV1 HD,26/03/2024,10:28:19,LBEDISN002020,CB,Walt disney company,Disneyland paris,Zenith uk media limi,Walt disney company,THIS MORNING,THIS MORNING,ITV SALES,Travel & transport,Holidays/overseas,Overseas resorts,3rd,3,ITV1 HD London Carlton,64
ITV1 HD,26/03/2024,10:28:39,VCCCOMP760030,CB,Bisl,Comparethemarket.com,Omd group limited,Bgl group,THIS MORNING,THIS MORNING,ITV SALES,Finance,General insurance,Home & motor insurance,Middle,4,ITV1 HD London Carlton,64
ITV1 HD,26/03/2024,10:29:09,NCAALZH034060,CB,Alzheimers society,Alzheimers society,Medialab group limit,Alzheimers society,THIS MORNING,THIS MORNING,ITV SALES,Government social political organisation,Charities,Health charities,Middle,5,ITV1 HD London Carlton,64
ITV1 HD,26/03/2024,10:30:09,MCMHSLC407030,CB,High seat,Hsl chairs,Mccann manchester li,High seat,THIS MORNING,THIS MORNING,ITV SALES,Household equipment & diy,Furniture & fittings,Furniture - range,3rd last,6,ITV1 HD London Carlton,69
ITV1 HD,26/03/2024,10:30:39,PCHPPGP002010,CB,Consorzio tutela gra,Consorzio grana padano cheese,Consorzio per la tut,Consorzio per la tut,THIS MORNING,THIS MORNING,ITV SALES,Food,Dairy,Cheese - continental,2nd last,7,ITV1 HD London Carlton,69
ITV1 HD,26/03/2024,10:30:49,MCLDODW073010,CB,Roofoods,Deliveroo takeaway delivery,Mediabrands limited,Roofoods,THIS MORNING,THIS MORNING,ITV SALES,Entertainment & leisure,Restaurants & bars,Delivery partners,Last,8,ITV1 HD London Carlton,69
ITV1 HD,26/03/2024,10:53:13,TJUCSTT086030,CB,Itv,Itv coronation street tour,Itv network limited,Itv,THIS MORNING,THIS MORNING,ITV SALES,Entertainment & leisure,Leisure activities,Tourist attractions,First,1,ITV1 HD London Carlton,58
ITV1 HD,26/03/2024,10:53:43,DAAGOSH070060,CB,Great ormond street,Great ormond street hospital,Medialab group limit,Great ormond street,THIS MORNING,THIS MORNING,ITV SALES,Government social political organisation,Charities,Children charities,2nd,2,ITV1 HD London Carlton,58
ITV1 HD,26/03/2024,10:54:43,YOATAPI049020,CB,Tapi carpets & floor,Tapi carpets & floors,The7stars uk limited,Tapi carpets & floor,THIS MORNING,THIS MORNING,ITV SALES,Household equipment & diy,Soft furnishings,Carpets & soft floor coverings,3rd,3,ITV1 HD London Carlton,65
ITV1 HD,26/03/2024,10:55:03,TAGTOMO411030,CB,Tesco stores,Tesco mobile drtv,Essencemediacom hold,Tesco,THIS MORNING,THIS MORNING,ITV SALES,Telecoms,Personal mobile networks & services,Mobile pay monthly - sim only,Middle,4,ITV1 HD London Carlton,58
ITV1 HD,26/03/2024,10:55:33,AEDGWRW193030,CB,Great western railwa,First great western,The7stars uk limited,Firstgroup,THIS MORNING,THIS MORNING,ITV SALES,Travel & transport,Land,Railways,3rd last,5,ITV1 HD London Carlton,58
ITV1 HD,26/03/2024,10:56:03,TTBCAIF002020,CB,Interflora british u,Interflora.co.uk,Yonder media ltd,Interflora british u,THIS MORNING,THIS MORNING,ITV SALES,Retail,Retail general,Florists,2nd last,6,ITV1 HD London Carlton,58
ITV1 HD,26/03/2024,10:56:23,AMVMWGX060020,CB,Mars uk,Mars galaxy,Essencemediacom hold,Mars uk,THIS MORNING,THIS MORNING,ITV SALES,Food,Confectionery & snacks,Chocolate - large bars,Last,7,ITV1 HD London Carlton,58
ITV1 HD,26/03/2024,11:07:00,PCHPPGP003010,CB,Consorzio tutela gra,Consorzio grana padano cheese,Consorzio per la tut,Consorzio per la tut,THIS MORNING,THIS MORNING,ITV SALES,Food,Dairy,Cheese - continental,First,1,ITV1 HD London Carlton,72
ITV1 HD,26/03/2024,11:07:10,VCCVMDR130020,CB,Virgin media,Virgin media broadband,Manning gottlieb omd,Virgin group,THIS MORNING,THIS MORNING,ITV SALES,Telecoms,Fixed line services,Home broadband,2nd,2,ITV1 HD London Carlton,72
ITV1 HD,26/03/2024,11:07:30,DAAGOSH068060,CB,Great ormond street,Great ormond street hospital,Medialab group limit,Great ormond street,THIS MORNING,THIS MORNING,ITV SALES,Government social political organisation,Charities,Children charities,Last,3,ITV1 HD London Carlton,72
ITV1 HD,26/03/2024,11:23:15,BBHTCPT534020,CB,Tesco stores,Tesco easter,Essencemediacom hold,Tesco,THIS MORNING,THIS MORNING,ITV SALES,Food,Food brand building,Food - multi product,First,1,ITV1 HD London Carlton,74
ITV1 HD,26/03/2024,11:23:35,TAGDDGB048020,CB,Unilever uk home & p,Dove anti perspirant deodorant,Mindshare media uk l,Unilever,THIS MORNING,THIS MORNING,ITV SALES,Cosmetics & personal care,Anti perspirant & deodorant,Anti perspirant & deodorant - womens,2nd,2,ITV1 HD London Carlton,74
ITV1 HD,26/03/2024,11:23:55,WPPNINJ033030,CB,Itv,Itv ninja warrior uk adventure park,Itv network limited,Itv,THIS MORNING,THIS MORNING,ITV SALES,Entertainment & leisure,Leisure activities,Gymnasiums & leisure centres,3rd,3,ITV1 HD London Carlton,74
ITV1 HD,26/03/2024,11:24:25,TJUIDHS092030,CB,Media 10,Media 10 ideal home show,Media 10 limited,Media 10,THIS MORNING,THIS MORNING,ITV SALES,Entertainment & leisure,Leisure activities,Exhibitions,Middle,4,ITV1 HD London Carlton,74
ITV1 HD,26/03/2024,11:24:55,MCENEOM286060,CB,Neom,Neom city urban living,Media frame dmcc,Neom,THIS MORNING,THIS MORNING,ITV SALES,Travel & transport,Holidays/overseas,Overseas resorts,3rd last,5,ITV1 HD London Carlton,74
ITV1 HD,26/03/2024,11:25:55,VCCCAEA242020,CB,Mondelez uk,Cadbury easter egg hunt,Spark foundry,Mondelez uk,THIS MORNING,THIS MORNING,ITV SALES,Food,Confectionery & snacks,Chocolate - multi product,2nd last,6,ITV1 HD London Carlton,86
ITV1 HD,26/03/2024,11:26:15,TTBFMTB005030,CB,Findmypast,Findmypast.co.uk,Smithfield agency,Findmypast,THIS MORNING,THIS MORNING,ITV SALES,Computers,Computing services,Internet services including isps,Last,7,ITV1 HD London Carlton,83
ITV1 HD,26/03/2024,11:38:42,OGYLIND003020,CB,Lindt & sprungli uk,Lindt choco wafer,Spark foundry,Lindt & sprungli uk,THIS MORNING,THIS MORNING,ITV SALES,Food,Confectionery & snacks,Biscuits,First,1,ITV1 HD London Carlton,75
ITV1 HD,26/03/2024,11:39:02,PPLPPLH457060,CB,Postcode lottery,Postcode lottery,The7stars uk limited,Postcode lottery,THIS MORNING,THIS MORNING,ITV SALES,Entertainment & leisure,Gambling,Lottery,2nd,2,ITV1 HD London Carlton,60
ITV1 HD,26/03/2024,11:40:02,ACBLIUK090020,CB,Lidl uk gmbh,Lidl easter,Omd group limited,Lidl uk gmbh,THIS MORNING,THIS MORNING,ITV SALES,Food,Food brand building,Food & drink - multi product,3rd,3,ITV1 HD London Carlton,56
ITV1 HD,26/03/2024,11:40:22,LIPWARB003030,CB,Warburtons,Warburtons bread,Mindshare media uk l,Warburtons,THIS MORNING,THIS MORNING,ITV SALES,Food,Bakery,Bread,Middle,4,ITV1 HD London Carlton,56
ITV1 HD,26/03/2024,11:40:52,SRQBSHS001030,CB,Bissell homecare ove,Bissell hydrosteam vacuum cleaners,Smart response media,Bissell homecare ove,THIS MORNING,THIS MORNING,ITV SALES,Electronics, household appliances & tech",Small appliances - home,Small appliances home - multi products,Middle,5,ITV1 HD London Carlton,56
ITV1 HD,26/03/2024,11:41:22,HKXGADA032020,CB,Reckitt benckiser,Gaviscon double action,Zenith uk media limi,Reckitt benckiser,THIS MORNING,THIS MORNING,ITV SALES,Health & wellbeing,Medication,Indigestion remedies,3rd last,6,ITV1 HD London Carlton,56
ITV1 HD,26/03/2024,11:41:42,IIBORKG015010,CB,Kerrygold company,Kerrygold softer butter,Yonder media ltd,Adams foods,THIS MORNING,THIS MORNING,ITV SALES,Food,Dairy,Butter,2nd last,7,ITV1 HD London Carlton,56
ITV1 HD,26/03/2024,11:41:52,MCEPRKI013020,CB,Premier foods,Mr kipling cakes,Dentsu uk limited,Premier foods,THIS MORNING,THIS MORNING,ITV SALES,Food,Bakery,Cakes & treats,Last,8,ITV1 HD London Carlton,56
ITV1 HD,26/03/2024,11:54:04,BURTLDT151030,CB,Lindt & sprungli uk,Lindt golden bunny,Spark foundry,Lindt & sprungli uk,THIS MORNING,THIS MORNING,ITV SALES,Food,Confectionery & snacks,Chocolate - countlines,First,1,ITV1 HD London Carlton,45
ITV1 HD,26/03/2024,11:54:34,BLBFURN201030,CB,Furniture village,Furniture village,Tmwi limited,Cadagan estates,THIS MORNING,THIS MORNING,ITV SALES,Retail,Household,Furniture & furnishings,2nd,2,ITV1 HD London Carlton,45
ITV1 HD,26/03/2024,11:55:04,MLLDHSC299030,CB,Ccs,Ccs phe stop smoking,Manning gottlieb omd,Ccs,THIS MORNING,THIS MORNING,ITV SALES,Business & industrial,Health & social,Doctors/hospitals,3rd,3,ITV1 HD London Carlton,45
ITV1 HD,26/03/2024,11:55:34,ITCSVOD019030,CB,Itv,Itvx video streaming premium,Itv network limited,Itv,THIS MORNING,THIS MORNING,ITV SALES,Entertainment & leisure,Home entertainment,Film/programme downloads/streaming,Middle,4,ITV1 HD London Carlton,45
ITV1 HD,26/03/2024,11:56:04,ATGBKCL135030,CB,Actegy,Actegy revitive circulation booster,Medialab group limit,Actegy,THIS MORNING,THIS MORNING,ITV SALES,Health & wellbeing,Health & fitness,Health & fitness appliances,3rd last,5,ITV1 HD London Carlton,45
ITV1 HD,26/03/2024,11:56:34,LYGCPBR165030,CB,Co operative group,Co op funeral care,Dentsu manchester li,Co operative group,THIS MORNING,THIS MORNING,ITV SALES,Finance,General insurance,Funeral expenses insurance,2nd last,6,ITV1 HD London Carlton,45
ITV1 HD,26/03/2024,11:57:04,MCZVAXV090030,CB,Vax,Vax cordless blade vacuum cleaner,Mccann erickson cent,Cardinal internation,THIS MORNING,THIS MORNING,ITV SALES,Electronics, household appliances & tech",Small appliances - home,Cordless vacuum cleaners,Last,7,ITV1 HD London Carlton,45
ITV1 HD,26/03/2024,12:11:26,EGWVXMO103030,CB,Peugeot motor co,Vauxhall mokka electric,Starcom worldwide li,Peugeot motor co,THIS MORNING,THIS MORNING,ITV SALES,Automotive,Automotive - cars,C - lower medium,First,1,ITV1 HD London Carlton,41
ITV1 HD,26/03/2024,12:11:56,AEDVEPW065060,CB,Vegpower,Vegetable power awareness,Goodstuff communicat,Vegpower,THIS MORNING,THIS MORNING,ITV SALES,Media,Media - brand building,Media - brand building,2nd,2,ITV1 HD London Carlton,41
ITV1 HD,26/03/2024,12:12:56,NVCGFGF102030,CB,Giffgaff,Giffgaff mobile network,Manning gottlieb omd,Telefonica europe,THIS MORNING,THIS MORNING,ITV SALES,Telecoms,Personal mobile networks & services,Mobile pay monthly - sim only,3rd,3,ITV1 HD London Carlton,39
ITV1 HD,26/03/2024,12:13:26,ITCITVW001030,CB,Itv,Itv competitions portal,Itv network limited,Itv,THIS MORNING,THIS MORNING,ITV SALES,Business & industrial,Business,Promo prods/incentives/competitions,3rd last,4,ITV1 HD London Carlton,39
ITV1 HD,26/03/2024,12:13:56,AORAODL250030,CB,Ao retail,Appliancesonline.co.uk,Dentsu manchester li,Ao world,THIS MORNING,THIS MORNING,ITV SALES,Electronics, household appliances & tech",Electronics & home appl - brand building,Electronics & home applianc - multi prod,2nd last,5,ITV1 HD London Carlton,39
ITV1 HD,26/03/2024,12:14:26,SSCPLRM031030,CB,Pilgrims food group,Pilgrims richmond sausages,Dentsu uk limited,Onix investments uk,THIS MORNING,THIS MORNING,ITV SALES,Food,Meat/poultry,Sausages,Last,6,ITV1 HD London Carlton,39
ITV1 HD,26/03/2024,12:26:47,WPPEMMA317010,EB,Emma mattress,Emma mattress,Medialab group limit,Bettzeit,THIS MORNING,LOOSE WOMEN,ITV SALES,Household equipment & diy,Furniture & fittings,Beds & mattresses,First,1,ITV1 HD London Carlton,24
ITV1 HD,26/03/2024,12:26:57,SRQBSHS001030,EB,Bissell homecare ove,Bissell hydrosteam vacuum cleaners,Smart response media,Bissell homecare ove,THIS MORNING,LOOSE WOMEN,ITV SALES,Electronics, household appliances & tech",Small appliances - home,Small appliances home - multi products,2nd,2,ITV1 HD London Carlton,24
ITV1 HD,26/03/2024,12:27:27,DAAINSU007030,EB,Insure & go,Insure & go travel insurance,Medialab group limit,Insure & go,THIS MORNING,LOOSE WOMEN,ITV SALES,Finance,General insurance,Travel & sport insurance,3rd,3,ITV1 HD London Carlton,24
ITV1 HD,26/03/2024,12:27:57,CWWGARN248020,EB,Loreal uk,Loreal garnier skinactive vitamin c,Essence global limit,Loreal uk,THIS MORNING,LOOSE WOMEN,ITV SALES,Cosmetics & personal care,Skincare,Skin serum,Last,4,ITV1 HD London Carlton,24
ITV1 HD,26/03/2024,12:40:26,LBEDISN002020,CB,Walt disney company,Disneyland paris,Zenith uk media limi,Walt disney company,LOOSE WOMEN,LOOSE WOMEN,ITV SALES,Travel & transport,Holidays/overseas,Overseas resorts,First,1,ITV1 HD London Carlton,48
ITV1 HD,26/03/2024,12:40:46,VCCMURI489020,CB,Muller dairy uk,Muller rice dessert,Essencemediacom hold,Muller dairy uk,LOOSE WOMEN,LOOSE WOMEN,ITV SALES,Food,Dairy,Chilled desserts - multi packs,2nd,2,ITV1 HD London Carlton,48
ITV1 HD,26/03/2024,12:41:06,MUMKNLU328030,CB,Kentucky fried chick,Kfc lunch meal deal,Mindshare media uk l,Yum restaurant holdi,LOOSE WOMEN,LOOSE WOMEN,ITV SALES,Entertainment & leisure,Restaurants & bars,Fast food restaurants - multi product,3rd,3,ITV1 HD London Carlton,35
ITV1 HD,26/03/2024,12:41:36,ITCITVW001030,CB,Itv,Itv competitions portal,Itv network limited,Itv,LOOSE WOMEN,LOOSE WOMEN,ITV SALES,Business & industrial,Business,Promo prods/incentives/competitions,Middle,4,ITV1 HD London Carlton,35
ITV1 HD,26/03/2024,12:42:06,BDUPBEE031030,CB,Pensionbee,Pensionbee plans,Ad astra advertising,Pensionbee,LOOSE WOMEN,LOOSE WOMEN,ITV SALES,Finance,Pensions,Pensions - general/multi product,Middle,5,ITV1 HD London Carlton,34
ITV1 HD,26/03/2024,12:42:36,TTBFMTB005030,CB,Findmypast,Findmypast.co.uk,Smithfield agency,Findmypast,LOOSE WOMEN,LOOSE WOMEN,ITV SALES,Computers,Computing services,Internet services including isps,3rd last,6,ITV1 HD London Carlton,34
ITV1 HD,26/03/2024,12:43:06,ANOCRUK414030,CB,Cancer research uk,Cancer research race for life,Essencemediacom hold,Cancer research uk,LOOSE WOMEN,LOOSE WOMEN,ITV SALES,Government social political organisation,Charities,Cancer charities,2nd last,7,ITV1 HD London Carlton,48
ITV1 HD,26/03/2024,12:43:36,HOGNIAB369020,CB,Birds eye,Aunt bessies,Zenith uk media limi,Nomad foods europe,LOOSE WOMEN,LOOSE WOMEN,ITV SALES,Food,Frozen food,Frozen pies/pastry/yorkshires,Last,8,ITV1 HD London Carlton,48
ITV1 HD,26/03/2024,12:52:36,EGPSNOG252020,CB,Mars uk,Mars snickers,Essencemediacom hold,Mars uk,LOOSE WOMEN,LOOSE WOMEN,ITV SALES,Food,Confectionery & snacks,Chocolate - countlines,First,1,ITV1 HD London Carlton,39
ITV1 HD,26/03/2024,12:52:56,BLBFURN203010,CB,Furniture village,Furniture village,Tmwi limited,Cadagan estates,LOOSE WOMEN,LOOSE WOMEN,ITV SALES,Retail,Household,Furniture & furnishings,2nd,2,ITV1 HD London Carlton,39
ITV1 HD,26/03/2024,12:53:06,BCLMECC033010,CB,Mecca bingo,Mecca bingo,Intermarketing agenc,Rank group,LOOSE WOMEN,LOOSE WOMEN,ITV SALES,Entertainment & leisure,Gambling,Bingo,3rd,3,ITV1 HD London Carlton,25
ITV1 HD,26/03/2024,12:53:16,ACBPLUK029030,CB,British telecom,Bt plusnet drtv,Essence global limit,British telecommunic,LOOSE WOMEN,LOOSE WOMEN,ITV SALES,Telecoms,Fixed line services,Home broadband,Middle,4,ITV1 HD London Carlton,25
ITV1 HD,26/03/2024,12:53:46,QSTOTBE279030,CB,On the beach,Onthebeach.co.uk,Goodstuff communicat,Inflexion private eq,LOOSE WOMEN,LOOSE WOMEN,ITV SALES,Travel & transport,Travel agents,Travel agents,Middle,5,ITV1 HD London Carlton,25
ITV1 HD,26/03/2024,12:54:16,HOGNIAB369020,CB,Birds eye,Aunt bessies,Zenith uk media limi,Nomad foods europe,LOOSE WOMEN,LOOSE WOMEN,ITV SALES,Food,Frozen food,Frozen pies/pastry/yorkshires,Middle,6,ITV1 HD London Carlton,25
ITV1 HD,26/03/2024,12:54:36,TTBFMTB005030,CB,Findmypast,Findmypast.co.uk,Smithfield agency,Findmypast,LOOSE WOMEN,LOOSE WOMEN,ITV SALES,Computers,Computing services,Internet services including isps,3rd last,7,ITV1 HD London Carlton,25
ITV1 HD,26/03/2024,12:55:06,TBMMPHY459030,CB,Merlin entertainment,Merlin annual pass,Wavemaker limited,Merlin entertainment,LOOSE WOMEN,LOOSE WOMEN,ITV SALES,Entertainment & leisure,Leisure activities,Theme parks,2nd last,8,ITV1 HD London Carlton,25
ITV1 HD,26/03/2024,12:55:36,PFPLIVE042030,CB,Henkel,Schwarzkopf live hair colour,Wavemaker limited,Henkel,LOOSE WOMEN,LOOSE WOMEN,ITV SALES,Cosmetics & personal care,Haircare,Colorant - permanent,Last,9,ITV1 HD London Carlton,25
ITV1 HD,26/03/2024,13:07:51,HOGKLML591030,CB,Kellogg marketing &,Kelloggs cereal,Dentsu uk limited,Kellogg uk holding,LOOSE WOMEN,LOOSE WOMEN,ITV SALES,Food,Food brand building,Food - brand building,First,1,ITV1 HD London Carlton,41
ITV1 HD,26/03/2024,13:08:21,SRQBSHS001030,CB,Bissell homecare ove,Bissell hydrosteam vacuum cleaners,Smart response media,Bissell homecare ove,LOOSE WOMEN,LOOSE WOMEN,ITV SALES,Electronics, household appliances & tech",Small appliances - home,Small appliances home - multi products,2nd,2,ITV1 HD London Carlton,22
ITV1 HD,26/03/2024,13:08:51,ACBLIUK090020,CB,Lidl uk gmbh,Lidl easter,Omd group limited,Lidl uk gmbh,LOOSE WOMEN,LOOSE WOMEN,ITV SALES,Food,Food brand building,Food & drink - multi product,3rd,3,ITV1 HD London Carlton,22
ITV1 HD,26/03/2024,13:09:11,NVCGFGF102030,CB,Giffgaff,Giffgaff mobile network,Manning gottlieb omd,Telefonica europe,LOOSE WOMEN,LOOSE WOMEN,ITV SALES,Telecoms,Personal mobile networks & services,Mobile pay monthly - sim only,Middle,4,ITV1 HD London Carlton,17
ITV1 HD,26/03/2024,13:09:41,NCAALZH034060,CB,Alzheimers society,Alzheimers society,Medialab group limit,Alzheimers society,LOOSE WOMEN,LOOSE WOMEN,ITV SALES,Government social political organisation,Charities,Health charities,3rd last,5,ITV1 HD London Carlton,17
ITV1 HD,26/03/2024,13:10:41,MCLDODW073010,CB,Roofoods,Deliveroo takeaway delivery,Mediabrands limited,Roofoods,LOOSE WOMEN,LOOSE WOMEN,ITV SALES,Entertainment & leisure,Restaurants & bars,Delivery partners,2nd last,6,ITV1 HD London Carlton,22
ITV1 HD,26/03/2024,13:10:51,BEVAGIM001030,CB,Paramount pictures,Paramount plus video streaming,Wavemaker limited,Paramount pictures,LOOSE WOMEN,LOOSE WOMEN,ITV SALES,Entertainment & leisure,Home entertainment,Film/programme downloads/streaming,Last,7,ITV1 HD London Carlton,22
ITV1 HD,26/03/2024,13:24:42,BURTMDO519030,EB,Mcdonalds restaurant,Mcdonalds chicken mccrispy deluxe,Omd group limited,Mcdonalds restaurant,LOOSE WOMEN,ITV LUNCHTIME NEWS,ITV SALES,Entertainment & leisure,Restaurants & bars,Fast food restaurants - food items,First,1,ITV1 HD London Carlton,47
ITV1 HD,26/03/2024,13:25:12,TTBSNDL110020,EB,Sanofi aventis uk ho,Aventis pharma dulcolax,Hearts & science lim,Sanofi aventis uk ho,LOOSE WOMEN,ITV LUNCHTIME NEWS,ITV SALES,Health & wellbeing,Medication,Laxatives,2nd,2,ITV1 HD London Carlton,34
ITV1 HD,26/03/2024,13:25:32,PGOLENR015030,EB,Procter & gamble uk,Lenor fabric softener,Starcom worldwide li,Procter & gamble uk,LOOSE WOMEN,ITV LUNCHTIME NEWS,ITV SALES,Household fmcg,Laundry,Fabric softeners/conditioners,3rd,3,ITV1 HD London Carlton,34
ITV1 HD,26/03/2024,13:26:02,DESLVCA376030,EB,Liverpool victoria f,Liverpool victoria motor insurance,Mindshare media uk l,Liverpool victoria f,LOOSE WOMEN,ITV LUNCHTIME NEWS,ITV SALES,Finance,General insurance,Car insurance,Middle,4,ITV1 HD London Carlton,34
ITV1 HD,26/03/2024,13:26:32,MCZVAXV091030,EB,Vax,Vax platinum smartwash carpet clean,Mccann erickson cent,Cardinal internation,LOOSE WOMEN,ITV LUNCHTIME NEWS,ITV SALES,Electronics, household appliances & tech",Small appliances - home,Corded vacuum cleaners,Middle,5,ITV1 HD London Carlton,34
ITV1 HD,26/03/2024,13:27:02,WPPEMMA315010,EB,Emma mattress,Emma mattress,Medialab group limit,Bettzeit,LOOSE WOMEN,ITV LUNCHTIME NEWS,ITV SALES,Household equipment & diy,Furniture & fittings,Beds & mattresses,3rd last,6,ITV1 HD London Carlton,28
ITV1 HD,26/03/2024,13:27:12,BUCPGOM006030,EB,Procter & gamble uk,Seven seas omega 3 & multivitamins,Starcom worldwide li,Procter & gamble uk,LOOSE WOMEN,ITV LUNCHTIME NEWS,ITV SALES,Health & wellbeing,Medication,Vitamins & tonics,2nd last,7,ITV1 HD London Carlton,28
ITV1 HD,26/03/2024,13:27:42,ANOCRUK414030,EB,Cancer research uk,Cancer research race for life,Essencemediacom hold,Cancer research uk,LOOSE WOMEN,ITV LUNCHTIME NEWS,ITV SALES,Government social political organisation,Charities,Cancer charities,Last,8,ITV1 HD London Carlton,28
ITV1 HD,26/03/2024,13:52:05,BBHTCPT536010,CB,Tesco stores,Tesco easter,Essencemediacom hold,Tesco,ITV LUNCHTIME NEWS,ITV LUNCHTIME NEWS,ITV SALES,Food,Food brand building,Food & drink - multi product,First,1,ITV1 HD London Carlton,45
ITV1 HD,26/03/2024,13:52:15,MUMKNLU330030,CB,Kentucky fried chick,Kfc lunch meal deal,Mindshare media uk l,Yum restaurant holdi,ITV LUNCHTIME NEWS,ITV LUNCHTIME NEWS,ITV SALES,Entertainment & leisure,Restaurants & bars,Fast food restaurants - multi product,2nd,2,ITV1 HD London Carlton,45
ITV1 HD,26/03/2024,13:52:45,AEDMCMC122030,CB,Mccain foods gb,Mccain chips,Phd media limited,Mccain foods gb,ITV LUNCHTIME NEWS,ITV LUNCHTIME NEWS,ITV SALES,Food,Food brand building,Food - brand building,3rd,3,ITV1 HD London Carlton,45
ITV1 HD,26/03/2024,13:53:15,QSTOTBE279030,CB,On the beach,Onthebeach.co.uk,Goodstuff communicat,Inflexion private eq,ITV LUNCHTIME NEWS,ITV LUNCHTIME NEWS,ITV SALES,Travel & transport,Travel agents,Travel agents,Middle,4,ITV1 HD London Carlton,34
ITV1 HD,26/03/2024,13:53:45,NCAALZH038060,CB,Alzheimers society,Alzheimers society,Medialab group limit,Alzheimers society,ITV LUNCHTIME NEWS,ITV LUNCHTIME NEWS,ITV SALES,Government social political organisation,Charities,Health charities,3rd last,5,ITV1 HD London Carlton,34
ITV1 HD,26/03/2024,13:54:45,EDNWDRN004030,CB,Walt disney company,Disney plus renegade nell,Zenith uk media limi,Walt disney company,ITV LUNCHTIME NEWS,ITV LUNCHTIME NEWS,ITV SALES,Entertainment & leisure,Home entertainment,Film/programme downloads/streaming,2nd last,6,ITV1 HD London Carlton,37
ITV1 HD,26/03/2024,13:55:15,TAGDDGB048020,CB,Unilever uk home & p,Dove anti perspirant deodorant,Mindshare media uk l,Unilever,ITV LUNCHTIME NEWS,ITV LUNCHTIME NEWS,ITV SALES,Cosmetics & personal care,Anti perspirant & deodorant,Anti perspirant & deodorant - womens,Last,7,ITV1 HD London Carlton,38
ITV1 HD,26/03/2024,14:08:35,RBRHIES236030,CB,Hillarys blinds,Hillarys blinds,Essencemediacom nort,Bellotto holdings,FLETCHERS FAMILY FARM RPT,FLETCHERS FAMILY FARM RPT,ITV SALES,Retail,Household,Furniture & furnishings,First,1,ITV1 HD London Carlton,11
ITV1 HD,26/03/2024,14:09:05,BBHBBPR820030,CB,Barclays bank,Barclays lifeskills programme,Omd group limited,Barclays bank,FLETCHERS FAMILY FARM RPT,FLETCHERS FAMILY FARM RPT,ITV SALES,Finance,Brand building/services,Finance brand building,2nd,2,ITV1 HD London Carlton,11
ITV1 HD,26/03/2024,14:09:35,AORAODL251030,CB,Ao retail,Appliancesonline.co.uk,Dentsu manchester li,Ao world,FLETCHERS FAMILY FARM RPT,FLETCHERS FAMILY FARM RPT,ITV SALES,Electronics, household appliances & tech",Electronics & home appl - brand building,Electronics & home applianc - multi prod,3rd,3,ITV1 HD London Carlton,11
ITV1 HD,26/03/2024,14:10:05,WPPEMMA316010,CB,Emma mattress,Emma mattress,Medialab group limit,Bettzeit,FLETCHERS FAMILY FARM RPT,FLETCHERS FAMILY FARM RPT,ITV SALES,Household equipment & diy,Furniture & fittings,Beds & mattresses,3rd last,4,ITV1 HD London Carlton,17
ITV1 HD,26/03/2024,14:10:15,LBEDISN002020,CB,Walt disney company,Disneyland paris,Zenith uk media limi,Walt disney company,FLETCHERS FAMILY FARM RPT,FLETCHERS FAMILY FARM RPT,ITV SALES,Travel & transport,Holidays/overseas,Overseas resorts,2nd last,5,ITV1 HD London Carlton,17
ITV1 HD,26/03/2024,14:10:35,MLLDHSC299030,CB,Ccs,Ccs phe stop smoking,Manning gottlieb omd,Ccs,FLETCHERS FAMILY FARM RPT,FLETCHERS FAMILY FARM RPT,ITV SALES,Business & industrial,Health & social,Doctors/hospitals,Last,6,ITV1 HD London Carlton,17
ITV1 HD,26/03/2024,14:20:27,AMVSETP244030,CB,Smart energy gb,Smart energy smart meters,T&p media limited,Smart energy gb,FLETCHERS FAMILY FARM RPT,FLETCHERS FAMILY FARM RPT,ITV SALES,Business & industrial,Utilities residential,Residential combined utilities,First,1,ITV1 HD London Carlton,11
ITV1 HD,26/03/2024,14:20:57,HKXGADA032020,CB,Reckitt benckiser,Gaviscon double action,Zenith uk media limi,Reckitt benckiser,FLETCHERS FAMILY FARM RPT,FLETCHERS FAMILY FARM RPT,ITV SALES,Health & wellbeing,Medication,Indigestion remedies,2nd,2,ITV1 HD London Carlton,11
ITV1 HD,26/03/2024,14:21:17,HWFTRLF002030,CB,Trailfinders,Trailfinders travel experts,Media campaign limit,Trailfinders,FLETCHERS FAMILY FARM RPT,FLETCHERS FAMILY FARM RPT,ITV SALES,Travel & transport,Holidays/overseas,Overseas tour operators,3rd,3,ITV1 HD London Carlton,11
ITV1 HD,26/03/2024,14:21:47,ITCITVW001030,CB,Itv,Itv competitions portal,Itv network limited,Itv,FLETCHERS FAMILY FARM RPT,FLETCHERS FAMILY FARM RPT,ITV SALES,Business & industrial,Business,Promo prods/incentives/competitions,Middle,4,ITV1 HD London Carlton,11
ITV1 HD,26/03/2024,14:22:17,DVNPLMF020030,CB,Poundland,Poundland stores,Notorious communicat,Poundland holdings,FLETCHERS FAMILY FARM RPT,FLETCHERS FAMILY FARM RPT,ITV SALES,Retail,Retail general,Other retail,3rd last,5,ITV1 HD London Carlton,11
ITV1 HD,26/03/2024,14:22:47,PCHPPGP001010,CB,Consorzio tutela gra,Consorzio grana padano cheese,Consorzio per la tut,Consorzio per la tut,FLETCHERS FAMILY FARM RPT,FLETCHERS FAMILY FARM RPT,ITV SALES,Food,Dairy,Cheese - continental,2nd last,6,ITV1 HD London Carlton,11
ITV1 HD,26/03/2024,14:22:57,CKCBRIT016020,CB,Premier foods,Bisto gravy,Dentsu uk limited,Premier foods,FLETCHERS FAMILY FARM RPT,FLETCHERS FAMILY FARM RPT,ITV SALES,Food,Food cupboard / grocery,Food cupboard/grocery - multi product,Last,7,ITV1 HD London Carlton,11
ITV1 HD,26/03/2024,14:39:56,UCSIGAV003030,CB,Avios group,Avios,Manning gottlieb omd,British airways,FLETCHERS FAMILY FARM RPT,FLETCHERS FAMILY FARM RPT,ITV SALES,Retail,Household,Loyalty/reward cards,First,1,ITV1 HD London Carlton,8
ITV1 HD,26/03/2024,14:40:26,HOMWREN073030,CB,Wren kitchens,Wren kitchens,Intermarketing agenc,Wren kitchens,FLETCHERS FAMILY FARM RPT,FLETCHERS FAMILY FARM RPT,ITV SALES,Household equipment & diy,Furniture & fittings,Furniture - kitchen,2nd,2,ITV1 HD London Carlton,8
ITV1 HD,26/03/2024,14:40:56,HKXVAVP039030,CB,Reckitt benckiser,Vanish oxi action stain remover,Zenith uk media limi,Reckitt benckiser,FLETCHERS FAMILY FARM RPT,FLETCHERS FAMILY FARM RPT,ITV SALES,Household fmcg,Laundry,Stain removers/whiteners,3rd,3,ITV1 HD London Carlton,8
ITV1 HD,26/03/2024,14:41:26,HASFCPA002030,CB,Fastcashproperty,Fast cash property,Advertising excellen,Fastcashproperty,FLETCHERS FAMILY FARM RPT,FLETCHERS FAMILY FARM RPT,ITV SALES,Property,Property services,General property services,Middle,4,ITV1 HD London Carlton,9
ITV1 HD,26/03/2024,14:41:56,CHIPEAH029030,CB,Pets at home,Pets at home,Dentsu manchester li,Pets at home group,FLETCHERS FAMILY FARM RPT,FLETCHERS FAMILY FARM RPT,ITV SALES,Household fmcg,Pet food & care,Pet food & care - multi product,3rd last,5,ITV1 HD London Carlton,9
ITV1 HD,26/03/2024,14:42:26,ANOCRUK414030,CB,Cancer research uk,Cancer research race for life,Essencemediacom hold,Cancer research uk,FLETCHERS FAMILY FARM RPT,FLETCHERS FAMILY FARM RPT,ITV SALES,Government social political organisation,Charities,Cancer charities,2nd last,6,ITV1 HD London Carlton,9
ITV1 HD,26/03/2024,14:42:56,AEDGWRW193030,CB,Great western railwa,First great western,The7stars uk limited,Firstgroup,FLETCHERS FAMILY FARM RPT,FLETCHERS FAMILY FARM RPT,ITV SALES,Travel & transport,Land,Railways,Last,7,ITV1 HD London Carlton,9
ITV1 HD,26/03/2024,14:56:35,HHPSLPL129030,EB,Axa sun life,Axa sun life over 50 ins plan,Medialab group limit,Axa uk,FLETCHERS FAMILY FARM RPT,WINNING COMBINATION RPT,ITV SALES,Finance,Life protection,Life protection - over 50,First,1,ITV1 HD London Carlton,8
ITV1 HD,26/03/2024,14:57:05,MCMHSLC407030,EB,High seat,Hsl chairs,Mccann manchester li,High seat,FLETCHERS FAMILY FARM RPT,WINNING COMBINATION RPT,ITV SALES,Household equipment & diy,Furniture & fittings,Furniture - range,2nd,2,ITV1 HD London Carlton,10
ITV1 HD,26/03/2024,14:57:35,MCBYEOV094030,EB,Yeo valley farms,Yeo valley organic,Fridays at nine ltd,Yeo valley farms,FLETCHERS FAMILY FARM RPT,WINNING COMBINATION RPT,ITV SALES,Food,Dairy,Dairy - multi product,Last,3,ITV1 HD London Carlton,10
ITV1 HD,26/03/2024,15:10:45,TMWOFLT014010,CB,Oak furnitureland,Oakfurnitureland.co.uk,Dentsu manchester li,Oak furnitureland ho,WINNING COMBINATION RPT,WINNING COMBINATION RPT,ITV SALES,Retail,Household,Furniture & furnishings,First,1,ITV1 HD London Carlton,23
ITV1 HD,26/03/2024,15:10:55,WPNALIL049060,CB,Age uk,Age uk weekly lottery,Medialab group limit,Age uk,WINNING COMBINATION RPT,WINNING COMBINATION RPT,ITV SALES,Entertainment & leisure,Gambling,Lottery,2nd,2,ITV1 HD London Carlton,23
ITV1 HD,26/03/2024,15:11:55,WPPEMMA310020,CB,Emma mattress,Emma mattress,Medialab group limit,Bettzeit,WINNING COMBINATION RPT,WINNING COMBINATION RPT,ITV SALES,Household equipment & diy,Furniture & fittings,Beds & mattresses,Last,3,ITV1 HD London Carlton,17
ITV1 HD,26/03/2024,15:22:04,SKYPPTB001030,CB,Sky uk,Sky cinema,Essencemediacom hold,Sky uk,WINNING COMBINATION RPT,WINNING COMBINATION RPT,ITV SALES,Telecoms,Fixed line services,Telecoms tv services,First,1,ITV1 HD London Carlton,25
ITV1 HD,26/03/2024,15:22:34,HOGDELV071030,CB,Roofoods,Deliveroo takeaway delivery,Mediabrands limited,Roofoods,WINNING COMBINATION RPT,WINNING COMBINATION RPT,ITV SALES,Entertainment & leisure,Restaurants & bars,Delivery partners,2nd,2,ITV1 HD London Carlton,25
ITV1 HD,26/03/2024,15:23:04,TBMMPMS461030,CB,Merlin entertainment,Merlin annual pass,Wavemaker limited,Merlin entertainment,WINNING COMBINATION RPT,WINNING COMBINATION RPT,ITV SALES,Entertainment & leisure,Leisure activities,Theme parks,3rd,3,ITV1 HD London Carlton,21
ITV1 HD,26/03/2024,15:23:34,MCZVAXV092090,CB,Vax,Vax platinum smartwash carpet clean,Mccann erickson cent,Cardinal internation,WINNING COMBINATION RPT,WINNING COMBINATION RPT,ITV SALES,Electronics, household appliances & tech",Small appliances - home,Corded vacuum cleaners,3rd last,4,ITV1 HD London Carlton,21
ITV1 HD,26/03/2024,15:25:04,WPPEMMA317010,CB,Emma mattress,Emma mattress,Medialab group limit,Bettzeit,WINNING COMBINATION RPT,WINNING COMBINATION RPT,ITV SALES,Household equipment & diy,Furniture & fittings,Beds & mattresses,2nd last,5,ITV1 HD London Carlton,13
ITV1 HD,26/03/2024,15:25:14,HOGBONS764020,CB,Boots company,Boots no 7 skincare serum,Essencemediacom hold,Boots company,WINNING COMBINATION RPT,WINNING COMBINATION RPT,ITV SALES,Cosmetics & personal care,Skincare,Skin serum,Last,6,ITV1 HD London Carlton,13
ITV1 HD,26/03/2024,15:41:23,AMVSEGA227020,CB,Smart energy gb,Smart energy smart meters,T&p media limited,Smart energy gb,WINNING COMBINATION RPT,WINNING COMBINATION RPT,ITV SALES,Business & industrial,Utilities residential,Residential combined utilities,First,1,ITV1 HD London Carlton,8
ITV1 HD,26/03/2024,15:41:43,CWWGARN248020,CB,Loreal uk,Loreal garnier skinactive vitamin c,Essence global limit,Loreal uk,WINNING COMBINATION RPT,WINNING COMBINATION RPT,ITV SALES,Cosmetics & personal care,Skincare,Skin serum,2nd,2,ITV1 HD London Carlton,8
ITV1 HD,26/03/2024,15:42:03,SSCEEDR032030,CB,Everything everywher,Ee broadband,Essence global limit,Everything everywher,WINNING COMBINATION RPT,WINNING COMBINATION RPT,ITV SALES,Telecoms,Fixed line services,Home broadband,3rd,3,ITV1 HD London Carlton,17
ITV1 HD,26/03/2024,15:42:33,ATGBKCL135030,CB,Actegy,Actegy revitive circulation booster,Medialab group limit,Actegy,WINNING COMBINATION RPT,WINNING COMBINATION RPT,ITV SALES,Health & wellbeing,Health & fitness,Health & fitness appliances,Middle,4,ITV1 HD London Carlton,17
ITV1 HD,26/03/2024,15:43:03,MCEJEAT398020,CB,Just eat.co.uk,Justeat.co.uk,Um,Just eat holding,WINNING COMBINATION RPT,WINNING COMBINATION RPT,ITV SALES,Entertainment & leisure,Restaurants & bars,Delivery partners,Middle,5,ITV1 HD London Carlton,17
ITV1 HD,26/03/2024,15:43:23,UCSBQBR010020,CB,B & q,B&q value,Dentsu uk limited,Kingfisher,WINNING COMBINATION RPT,WINNING COMBINATION RPT,ITV SALES,Retail,Household,Diy stores,3rd last,6,ITV1 HD London Carlton,17
ITV1 HD,26/03/2024,15:43:43,BYTEBAY006030,CB,Ebay,Ebay online trading,Essencemediacom hold,Ebay,WINNING COMBINATION RPT,WINNING COMBINATION RPT,ITV SALES,Online retail,Online/internet retail general,Online shopping general,2nd last,7,ITV1 HD London Carlton,17
ITV1 HD,26/03/2024,15:44:13,DTVGOWI001040,CB,Great ormond street,Great ormond street hospital,Medialab group limit,Great ormond street,WINNING COMBINATION RPT,WINNING COMBINATION RPT,ITV SALES,Entertainment & leisure,Gambling,Lottery,Last,8,ITV1 HD London Carlton,17
ITV1 HD,26/03/2024,15:54:31,CHIMADO002020,EB,Mars uk,Dolmio bolognese sauce,Essencemediacom hold,Mars uk,WINNING COMBINATION RPT,TIPPING POINT RPT,ITV SALES,Food,Food cupboard / grocery,Cooking sauces,First,1,ITV1 HD London Carlton,22
ITV1 HD,26/03/2024,15:54:51,LBEDISN004020,EB,Walt disney company,Disneyland paris,Zenith uk media limi,Walt disney company,WINNING COMBINATION RPT,TIPPING POINT RPT,ITV SALES,Travel & transport,Holidays/overseas,Overseas resorts,2nd,2,ITV1 HD London Carlton,22
ITV1 HD,26/03/2024,15:55:11,VCCVMDR130020,EB,Virgin media,Virgin media broadband,Manning gottlieb omd,Virgin group,WINNING COMBINATION RPT,TIPPING POINT RPT,ITV SALES,Telecoms,Fixed line services,Home broadband,3rd,3,ITV1 HD London Carlton,22
ITV1 HD,26/03/2024,15:55:31,TTBGSVO075020,EB,Haleon uk,Voltarol pain relief,Spark foundry,Glaxosmithkline,WINNING COMBINATION RPT,TIPPING POINT RPT,ITV SALES,Health & wellbeing,Medication,Muscular & rheumatic remedies,Middle,4,ITV1 HD London Carlton,22
ITV1 HD,26/03/2024,15:55:51,MUMGOSS285030,EB,Gousto,Gousto.co.uk ingredients delivery,The7stars uk limited,Sca investments,WINNING COMBINATION RPT,TIPPING POINT RPT,ITV SALES,Food,Food brand building,Food - multi product,Middle,5,ITV1 HD London Carlton,22
ITV1 HD,26/03/2024,15:56:21,MCZVAXV094060,EB,Vax,Vax spotwash home duo cleaner,Mccann erickson cent,Cardinal internation,WINNING COMBINATION RPT,TIPPING POINT RPT,ITV SALES,Electronics, household appliances & tech",Small appliances - home,Corded vacuum cleaners,3rd last,6,ITV1 HD London Carlton,22
ITV1 HD,26/03/2024,15:57:21,PCHPPGP002010,EB,Consorzio tutela gra,Consorzio grana padano cheese,Consorzio per la tut,Consorzio per la tut,WINNING COMBINATION RPT,TIPPING POINT RPT,ITV SALES,Food,Dairy,Cheese - continental,2nd last,7,ITV1 HD London Carlton,22
ITV1 HD,26/03/2024,15:57:31,VCCCOMP758030,EB,Bisl,Comparethemarket.com,Omd group limited,Bgl group,WINNING COMBINATION RPT,TIPPING POINT RPT,ITV SALES,Finance,General insurance,Home & motor insurance,Last,8,ITV1 HD London Carlton,22
ITV1 HD,26/03/2024,16:11:29,OGYDULX002020,CB,I c i paints,Dulux colour,Essencemediacom hold,Imperial chemical in,TIPPING POINT RPT,TIPPING POINT RPT,ITV SALES,Household equipment & diy,House expansion & diy,Paints,First,1,ITV1 HD London Carlton,58
ITV1 HD,26/03/2024,16:11:49,TTBDGCH001030,CB,Frieslandcampina,Chocomel milk drink,Wavemaker limited,Frieslandcampina,TIPPING POINT RPT,TIPPING POINT RPT,ITV SALES,Drink,Soft drinks,Milk drinks,2nd,2,ITV1 HD London Carlton,58
ITV1 HD,26/03/2024,16:12:19,TBMMPHY459030,CB,Merlin entertainment,Merlin annual pass,Wavemaker limited,Merlin entertainment,TIPPING POINT RPT,TIPPING POINT RPT,ITV SALES,Entertainment & leisure,Leisure activities,Theme parks,3rd,3,ITV1 HD London Carlton,62
ITV1 HD,26/03/2024,16:12:49,AEDUNPN377010,CB,Unilever bestfoods,Pot noodle,Mindshare media uk l,Unilever,TIPPING POINT RPT,TIPPING POINT RPT,ITV SALES,Food,Food cupboard / grocery,Instant snack pasta/rice/noodles,Last,4,ITV1 HD London Carlton,62
ITV1 HD,26/03/2024,16:23:53,MCPSTVO007060,CB,Save the children fu,Save the children fund,Medialab group limit,Save the children fu,TIPPING POINT RPT,TIPPING POINT RPT,ITV SALES,Government social political organisation,Charities,Children charities,First,1,ITV1 HD London Carlton,75
ITV1 HD,26/03/2024,16:24:53,BURTMOR079020,CB,William morrison sup,Morrisons supermarket,Wavemaker limited,William morrison sup,TIPPING POINT RPT,TIPPING POINT RPT,ITV SALES,Food,Bakery,Hot cross buns,2nd,2,ITV1 HD London Carlton,77
ITV1 HD,26/03/2024,16:25:13,PGOGILE018030,CB,Procter & gamble uk,Gillette labs razor & shave gel,Starcom worldwide li,Procter & gamble uk,TIPPING POINT RPT,TIPPING POINT RPT,ITV SALES,Cosmetics & personal care,Hair removal,Razors - manual,3rd,3,ITV1 HD London Carlton,77
ITV1 HD,26/03/2024,16:25:43,BRITOTR077020,CB,Storck uk,Toffifee,Havas media,Storck uk,TIPPING POINT RPT,TIPPING POINT RPT,ITV SALES,Food,Confectionery & snacks,Chocolate - boxed/tinned,Middle,4,ITV1 HD London Carlton,77
ITV1 HD,26/03/2024,16:26:03,QSTOTBE279030,CB,On the beach,Onthebeach.co.uk,Goodstuff communicat,Inflexion private eq,TIPPING POINT RPT,TIPPING POINT RPT,ITV SALES,Travel & transport,Travel agents,Travel agents,3rd last,5,ITV1 HD London Carlton,77
ITV1 HD,26/03/2024,16:26:33,HASFCPA002030,CB,Fastcashproperty,Fast cash property,Advertising excellen,Fastcashproperty,TIPPING POINT RPT,TIPPING POINT RPT,ITV SALES,Property,Property services,General property services,2nd last,6,ITV1 HD London Carlton,77
ITV1 HD,26/03/2024,16:27:03,HOGBOSP779020,CB,Boots company,Boots cosmetics,Essencemediacom hold,Boots company,TIPPING POINT RPT,TIPPING POINT RPT,ITV SALES,Retail,Retail general,Chemists,Last,7,ITV1 HD London Carlton,77
ITV1 HD,26/03/2024,16:37:17,HKXDETE141030,CB,Ccs,Ccs childcare careers,Manning gottlieb omd,Ccs,TIPPING POINT RPT,TIPPING POINT RPT,ITV SALES,Business & industrial,Business,Company & agency recruitment,First,1,ITV1 HD London Carlton,92
ITV1 HD,26/03/2024,16:37:47,VCCCOMP759030,CB,Bisl,Comparethemarket.com,Omd group limited,Bgl group,TIPPING POINT RPT,TIPPING POINT RPT,ITV SALES,Finance,General insurance,Home & motor insurance,2nd,2,ITV1 HD London Carlton,92
ITV1 HD,26/03/2024,16:38:17,MCZVAXV089020,CB,Vax,Vax cordless blade vacuum cleaner,Mccann erickson cent,Cardinal internation,TIPPING POINT RPT,TIPPING POINT RPT,ITV SALES,Electronics, household appliances & tech",Small appliances - home,Cordless vacuum cleaners,3rd,3,ITV1 HD London Carlton,92
ITV1 HD,26/03/2024,16:38:37,MUMKNVA321010,CB,Kentucky fried chick,Kfc original recipe deal,Mindshare media uk l,Yum restaurant holdi,TIPPING POINT RPT,TIPPING POINT RPT,ITV SALES,Entertainment & leisure,Restaurants & bars,Fast food restaurants - multi product,Middle,4,ITV1 HD London Carlton,92
ITV1 HD,26/03/2024,16:38:47,LIPWARB002060,CB,Warburtons,Warburtons bread,Mindshare media uk l,Warburtons,TIPPING POINT RPT,TIPPING POINT RPT,ITV SALES,Food,Bakery,Bread,3rd last,5,ITV1 HD London Carlton,92
ITV1 HD,26/03/2024,16:39:47,ANOCRUK414030,CB,Cancer research uk,Cancer research race for life,Essencemediacom hold,Cancer research uk,TIPPING POINT RPT,TIPPING POINT RPT,ITV SALES,Government social political organisation,Charities,Cancer charities,2nd last,6,ITV1 HD London Carlton,97
ITV1 HD,26/03/2024,16:40:17,DVNPLMF020030,CB,Poundland,Poundland stores,Notorious communicat,Poundland holdings,TIPPING POINT RPT,TIPPING POINT RPT,ITV SALES,Retail,Retail general,Other retail,Last,7,ITV1 HD London Carlton,98
ITV1 HD,26/03/2024,16:56:26,VCCCOMP760030,EB,Bisl,Comparethemarket.com,Omd group limited,Bgl group,TIPPING POINT RPT,THE CHASE RPT,ITV SALES,Finance,General insurance,Home & motor insurance,First,1,ITV1 HD London Carlton,108
ITV1 HD,26/03/2024,16:56:56,ANOANCY154030,EB,Ancestry.com uk,Ancestry.co.uk,Starcom worldwide li,Generations network,TIPPING POINT RPT,THE CHASE RPT,ITV SALES,Computers,Computing services,Internet services including isps,2nd,2,ITV1 HD London Carlton,108
ITV1 HD,26/03/2024,16:57:26,SSCEEDR028030,EB,Everything everywher,Ee sim only,Essence global limit,Everything everywher,TIPPING POINT RPT,THE CHASE RPT,ITV SALES,Telecoms,Personal mobile networks & services,Mobile pay monthly - sim only,3rd,3,ITV1 HD London Carlton,100
ITV1 HD,26/03/2024,16:57:56,CPBMARI008060,EB,Marie curie cancer c,Marie curie cancer care,Medialab group limit,Marie curie cancer c,TIPPING POINT RPT,THE CHASE RPT,ITV SALES,Government social political organisation,Charities,Cancer charities,2nd last,4,ITV1 HD London Carlton,100
ITV1 HD,26/03/2024,16:58:56,AEDVEPW065060,EB,Vegpower,Vegetable power awareness,Goodstuff communicat,Vegpower,TIPPING POINT RPT,THE CHASE RPT,ITV SALES,Media,Media - brand building,Media - brand building,Last,5,ITV1 HD London Carlton,93
ITV1 HD,26/03/2024,17:20:02,LMIMTWY002010,CB,Motorway online,Motorway.co.uk,Manning gottlieb omd,Motorway online,THE CHASE RPT,THE CHASE RPT,ITV SALES,Automotive,Automotive - retailer,Automotive marketplace,First,1,ITV1 HD London Carlton,160
ITV1 HD,26/03/2024,17:20:12,MTCFAGE003020,CB,Fage uk,Total greek yoghurt,T&p media limited,Fage uk,THE CHASE RPT,THE CHASE RPT,ITV SALES,Food,Dairy,Yogurt - natural/greek,2nd,2,ITV1 HD London Carlton,160
ITV1 HD,26/03/2024,17:20:32,BEMMSEA214030,CB,Marks & spencer,Marks & spencer easter,Mindshare media uk l,Marks & spencer,THE CHASE RPT,THE CHASE RPT,ITV SALES,Food,Bakery,Hot cross buns,3rd,3,ITV1 HD London Carlton,160
ITV1 HD,26/03/2024,17:21:02,MLLDHSC301030,CB,Ccs,Ccs cardiovascular disease,Manning gottlieb omd,Ccs,THE CHASE RPT,THE CHASE RPT,ITV SALES,Retail,Retail general,Chemists,Last,4,ITV1 HD London Carlton,161
ITV1 HD,26/03/2024,17:31:10,ICPEONN510020,CB,E on,E on next,Mediaplus uk london,E on,THE CHASE RPT,THE CHASE RPT,ITV SALES,Business & industrial,Utilities residential,Residential renewable energy,First,1,ITV1 HD London Carlton,168
ITV1 HD,26/03/2024,17:31:30,WCRSKNW064030,CB,Sky uk,Sky now tv,Essencemediacom hold,Sky uk,THE CHASE RPT,THE CHASE RPT,ITV SALES,Entertainment & leisure,Home entertainment,Film/programme downloads/streaming,2nd,2,ITV1 HD London Carlton,168
ITV1 HD,26/03/2024,17:32:00,VCCPEWK039020,CB,Walkers snack foods,Walkers crisps,Omd group limited,Pepsico holdings,THE CHASE RPT,THE CHASE RPT,ITV SALES,Food,Confectionery & snacks,Crisps/snacks - countlines,3rd,3,ITV1 HD London Carlton,171
ITV1 HD,26/03/2024,17:32:20,MLLDHSC301030,CB,Ccs,Ccs cardiovascular disease,Manning gottlieb omd,Ccs,THE CHASE RPT,THE CHASE RPT,ITV SALES,Retail,Retail general,Chemists,Middle,4,ITV1 HD London Carlton,171
ITV1 HD,26/03/2024,17:32:50,HOMJHOL124030,CB,Jet2,Jet2.com,Wavemaker limited,Dart group,THE CHASE RPT,THE CHASE RPT,ITV SALES,Travel & transport,Holidays/overseas,Overseas tour operators,Middle,5,ITV1 HD London Carlton,171
ITV1 HD,26/03/2024,17:33:20,BDUPBEE031030,CB,Pensionbee,Pensionbee plans,Ad astra advertising,Pensionbee,THE CHASE RPT,THE CHASE RPT,ITV SALES,Finance,Pensions,Pensions - general/multi product,3rd last,6,ITV1 HD London Carlton,173
ITV1 HD,26/03/2024,17:33:50,MUMIEGL848030,CB,Ikea,Ikea stores,Dentsu uk limited,Ikea,THE CHASE RPT,THE CHASE RPT,ITV SALES,Retail,Household,Furniture & furnishings,2nd last,7,ITV1 HD London Carlton,173
ITV1 HD,26/03/2024,17:34:20,ICPBADG465020,CB,Diageo,Baileys irish cream,Phd media limited,Diageo,THE CHASE RPT,THE CHASE RPT,ITV SALES,Drink,Spirits & liqueurs,Liqueurs,Last,8,ITV1 HD London Carlton,179
ITV1 HD,26/03/2024,17:45:09,ATGBKCL135030,CB,Actegy,Actegy revitive circulation booster,Medialab group limit,Actegy,THE CHASE RPT,THE CHASE RPT,ITV SALES,Health & wellbeing,Health & fitness,Health & fitness appliances,First,1,ITV1 HD London Carlton,255
ITV1 HD,26/03/2024,17:45:39,AEDAVGI130020,CB,Aviva,Aviva insurance,Zenith uk media limi,Aviva,THE CHASE RPT,THE CHASE RPT,ITV SALES,Finance,General insurance,Car insurance,2nd,2,ITV1 HD London Carlton,255
ITV1 HD,26/03/2024,17:45:59,HHPSLAP068020,CB,Axa sun life,Axa sun life over 50 ins plan,Medialab group limit,Axa uk,THE CHASE RPT,THE CHASE RPT,ITV SALES,Finance,Life protection,Life protection - over 50,3rd,3,ITV1 HD London Carlton,255
ITV1 HD,26/03/2024,17:46:19,HOGBOSP779020,CB,Boots company,Boots cosmetics,Essencemediacom hold,Boots company,THE CHASE RPT,THE CHASE RPT,ITV SALES,Retail,Retail general,Chemists,Middle,4,ITV1 HD London Carlton,255
ITV1 HD,26/03/2024,17:46:39,HMTMAFO019020,CB,Material focus,Material focus recycyle your electr,December 19 limited,Material focus,THE CHASE RPT,THE CHASE RPT,ITV SALES,Business & industrial,Business & industrial,Business & industrial - other,Middle,5,ITV1 HD London Carlton,255
ITV1 HD,26/03/2024,17:46:59,TTBGSSD091020,CB,Haleon uk,Sensodyne toothpaste,Spark foundry,Glaxosmithkline,THE CHASE RPT,THE CHASE RPT,ITV SALES,Cosmetics & personal care,Oral hygiene,Toothpaste/polish,Middle,6,ITV1 HD London Carlton,255
ITV1 HD,26/03/2024,17:47:19,BLBFURN201030,CB,Furniture village,Furniture village,Tmwi limited,Cadagan estates,THE CHASE RPT,THE CHASE RPT,ITV SALES,Retail,Household,Furniture & furnishings,3rd last,7,ITV1 HD London Carlton,255
ITV1 HD,26/03/2024,17:47:49,OGYVODF446030,CB,Vodafone group,Vodafone broadband,Dentsu uk limited,Vodafone group,THE CHASE RPT,THE CHASE RPT,ITV SALES,Telecoms,Business telecoms,Business mobile broadband,2nd last,8,ITV1 HD London Carlton,255
ITV1 HD,26/03/2024,17:48:19,ICPEONN510020,CB,E on,E on next,Mediaplus uk london,E on,THE CHASE RPT,THE CHASE RPT,ITV SALES,Business & industrial,Utilities residential,Residential renewable energy,Last,9,ITV1 HD London Carlton,256
ITV1 HD,26/03/2024,17:56:07,JLNUSWT092020,EB,Uswitch,Uswitch.com,Zenith uk media limi,Uswitch,THE CHASE RPT,LOCAL NEWS,ITV SALES,Computers,Computing services,Internet services including isps,First,1,ITV1 HD London Carlton,208
ITV1 HD,26/03/2024,17:56:27,BBHTCPT535010,EB,Tesco stores,Tesco easter,Essencemediacom hold,Tesco,THE CHASE RPT,LOCAL NEWS,ITV SALES,Food,Meat/poultry,Meat/poultry - multi product,2nd,2,ITV1 HD London Carlton,208
ITV1 HD,26/03/2024,17:56:37,BURTMDO527030,EB,Mcdonalds restaurant,Mcdonalds restaurant,Omd group limited,Mcdonalds restaurant,THE CHASE RPT,LOCAL NEWS,ITV SALES,Entertainment & leisure,Restaurants & bars,Fast food restaurants - multi product,3rd,3,ITV1 HD London Carlton,208
ITV1 HD,26/03/2024,17:57:07,LIPWARB002060,EB,Warburtons,Warburtons bread,Mindshare media uk l,Warburtons,THE CHASE RPT,LOCAL NEWS,ITV SALES,Food,Bakery,Bread,Middle,4,ITV1 HD London Carlton,220
ITV1 HD,26/03/2024,17:58:07,AMVSETP244030,EB,Smart energy gb,Smart energy smart meters,T&p media limited,Smart energy gb,THE CHASE RPT,LOCAL NEWS,ITV SALES,Business & industrial,Utilities residential,Residential combined utilities,3rd last,5,ITV1 HD London Carlton,214
ITV1 HD,26/03/2024,17:58:37,MRPFERR001030,EB,Ferrero uk,Ferrero rocher chocolates,Dentsu uk limited,Ferrero uk,THE CHASE RPT,LOCAL NEWS,ITV SALES,Food,Confectionery & snacks,Chocolate - boxed/tinned,2nd last,6,ITV1 HD London Carlton,214
ITV1 HD,26/03/2024,17:59:07,HOGVOLV251030,EB,Volvo car uk,Volvo ex30,Mindshare media uk l,Volvo car uk,THE CHASE RPT,LOCAL NEWS,ITV SALES,Automotive,Automotive - cars,H - dual purpose,Last,7,ITV1 HD London Carlton,201
ITV1 HD,26/03/2024,18:27:57,CLDDUHH006010,EB,Dunelm,Dunelm mill store,Goodstuff communicat,Dunelm group,LOCAL NEWS,ITV EARLY EVENING NEWS,ITV SALES,Household equipment & diy,Soft furnishings,Bed & bath linens & towels,First,1,ITV1 HD London Carlton,195
ITV1 HD,26/03/2024,18:28:07,FNYQBAD002020,EB,Intuit,Intuit quickbooks,Manning gottlieb omd,Intuit,LOCAL NEWS,ITV EARLY EVENING NEWS,ITV SALES,Computers,Software,Accounting-finance,2nd,2,ITV1 HD London Carlton,212
ITV1 HD,26/03/2024,18:28:27,TJUIDHS092030,EB,Media 10,Media 10 ideal home show,Media 10 limited,Media 10,LOCAL NEWS,ITV EARLY EVENING NEWS,ITV SALES,Entertainment & leisure,Leisure activities,Exhibitions,3rd,3,ITV1 HD London Carlton,212
ITV1 HD,26/03/2024,18:28:57,MLLDHSC301030,EB,Ccs,Ccs cardiovascular disease,Manning gottlieb omd,Ccs,LOCAL NEWS,ITV EARLY EVENING NEWS,ITV SALES,Retail,Retail general,Chemists,3rd last,4,ITV1 HD London Carlton,212
ITV1 HD,26/03/2024,18:29:27,HWFTRLF001010,EB,Trailfinders,Trailfinders travel experts,Media campaign limit,Trailfinders,LOCAL NEWS,ITV EARLY EVENING NEWS,ITV SALES,Travel & transport,Holidays/overseas,Overseas tour operators,2nd last,5,ITV1 HD London Carlton,219
ITV1 HD,26/03/2024,18:29:37,VCCCAEA242020,EB,Mondelez uk,Cadbury easter egg hunt,Spark foundry,Mondelez uk,LOCAL NEWS,ITV EARLY EVENING NEWS,ITV SALES,Food,Confectionery & snacks,Chocolate - multi product,Last,6,ITV1 HD London Carlton,219
ITV1 HD,26/03/2024,18:49:46,CLDDUHH008030,CB,Dunelm,Dunelm mill store,Goodstuff communicat,Dunelm group,ITV EARLY EVENING NEWS,ITV EARLY EVENING NEWS,ITV SALES,Retail,Household,Furniture & furnishings,First,1,ITV1 HD London Carlton,297
ITV1 HD,26/03/2024,18:50:16,CWWLORE252030,CB,Loreal uk,Loreal paris bright reveal serum,Essence global limit,Loreal uk,ITV EARLY EVENING NEWS,ITV EARLY EVENING NEWS,ITV SALES,Cosmetics & personal care,Skincare,Facial moisturiser - womens,2nd,2,ITV1 HD London Carlton,297
ITV1 HD,26/03/2024,18:50:46,INFNHEN003030,CB,Ccs,Ccs highways breakdown,Manning gottlieb omd,Ccs,ITV EARLY EVENING NEWS,ITV EARLY EVENING NEWS,ITV SALES,Government social political organisation,Government institutions,Government departments,3rd,3,ITV1 HD London Carlton,297
ITV1 HD,26/03/2024,18:51:16,HOGKLML591030,CB,Kellogg marketing &,Kelloggs cereal,Dentsu uk limited,Kellogg uk holding,ITV EARLY EVENING NEWS,ITV EARLY EVENING NEWS,ITV SALES,Food,Food brand building,Food - brand building,Middle,4,ITV1 HD London Carlton,280
ITV1 HD,26/03/2024,18:51:46,ANOCRUK414030,CB,Cancer research uk,Cancer research race for life,Essencemediacom hold,Cancer research uk,ITV EARLY EVENING NEWS,ITV EARLY EVENING NEWS,ITV SALES,Government social political organisation,Charities,Cancer charities,3rd last,5,ITV1 HD London Carlton,280
ITV1 HD,26/03/2024,18:52:16,HOGVOLV251030,CB,Volvo car uk,Volvo ex30,Mindshare media uk l,Volvo car uk,ITV EARLY EVENING NEWS,ITV EARLY EVENING NEWS,ITV SALES,Automotive,Automotive - cars,H - dual purpose,2nd last,6,ITV1 HD London Carlton,276
ITV1 HD,26/03/2024,18:52:46,AEDLLDS149030,CB,Lloyds banking group,Lloyds bank,Zenith uk media limi,Lloyds banking group,ITV EARLY EVENING NEWS,ITV EARLY EVENING NEWS,ITV SALES,Finance,Savings,Savings - brand building,Last,7,ITV1 HD London Carlton,276
ITV1 HD,26/03/2024,19:16:15,SSCPLRM031030,CB,Pilgrims food group,Pilgrims richmond sausages,Dentsu uk limited,Onix investments uk,ITV EARLY EVENING NEWS,ITV EARLY EVENING NEWS,ITV SALES,Food,Meat/poultry,Sausages,First,1,ITV1 HD London Carlton,254
ITV1 HD,26/03/2024,19:16:45,DVNPLMF023010,CB,Poundland,Poundland stores,Notorious communicat,Poundland holdings,ITV EARLY EVENING NEWS,ITV EARLY EVENING NEWS,ITV SALES,Household fmcg,Household fmcg - brand building,Household fmcg - multi product,2nd,2,ITV1 HD London Carlton,254
ITV1 HD,26/03/2024,19:16:55,MUMKNVA321010,CB,Kentucky fried chick,Kfc original recipe deal,Mindshare media uk l,Yum restaurant holdi,ITV EARLY EVENING NEWS,ITV EARLY EVENING NEWS,ITV SALES,Entertainment & leisure,Restaurants & bars,Fast food restaurants - multi product,3rd,3,ITV1 HD London Carlton,254
ITV1 HD,26/03/2024,19:17:05,TMWOFLT014010,CB,Oak furnitureland,Oakfurnitureland.co.uk,Dentsu manchester li,Oak furnitureland ho,ITV EARLY EVENING NEWS,ITV EARLY EVENING NEWS,ITV SALES,Retail,Household,Furniture & furnishings,2nd last,4,ITV1 HD London Carlton,232
ITV1 HD,26/03/2024,19:17:15,QSTOTBE279030,CB,On the beach,Onthebeach.co.uk,Goodstuff communicat,Inflexion private eq,ITV EARLY EVENING NEWS,ITV EARLY EVENING NEWS,ITV SALES,Travel & transport,Travel agents,Travel agents,Last,5,ITV1 HD London Carlton,232
ITV1 HD,26/03/2024,19:24:36,TBKPNAS001020,EB,Asahi group holdings,Peroni nastro azzurro,Wavemaker limited,Asahi group holdings,ITV EARLY EVENING NEWS,EMMERDALE,ITV SALES,Drink,Drink - multi product,Alcohol & non alcohol - multi product,First,1,ITV1 HD London Carlton,242
ITV1 HD,26/03/2024,19:24:56,SKYPPTB001030,EB,Sky uk,Sky cinema,Essencemediacom hold,Sky uk,ITV EARLY EVENING NEWS,EMMERDALE,ITV SALES,Telecoms,Fixed line services,Telecoms tv services,2nd,2,ITV1 HD London Carlton,242
ITV1 HD,26/03/2024,19:25:26,PGOGILE018030,EB,Procter & gamble uk,Gillette labs razor & shave gel,Starcom worldwide li,Procter & gamble uk,ITV EARLY EVENING NEWS,EMMERDALE,ITV SALES,Cosmetics & personal care,Hair removal,Razors - manual,3rd,3,ITV1 HD London Carlton,247
ITV1 HD,26/03/2024,19:25:56,BLBFURN204010,EB,Furniture village,Furniture village,Tmwi limited,Cadagan estates,ITV EARLY EVENING NEWS,EMMERDALE,ITV SALES,Retail,Household,Furniture & furnishings,Middle,4,ITV1 HD London Carlton,247
ITV1 HD,26/03/2024,19:26:06,MCEJEAT400020,EB,Just eat.co.uk,Justeat.co.uk,Um,Just eat holding,ITV EARLY EVENING NEWS,EMMERDALE,ITV SALES,Entertainment & leisure,Restaurants & bars,Delivery partners,Middle,5,ITV1 HD London Carlton,290
ITV1 HD,26/03/2024,19:26:26,AMVSCCA524020,EB,Essity holding uk,Essity plenty kitchen towel,Zenith uk media limi,Essity holding uk,ITV EARLY EVENING NEWS,EMMERDALE,ITV SALES,Household fmcg,Tissues, papers & wipes",Kitchen towels,Middle,6,ITV1 HD London Carlton,290
ITV1 HD,26/03/2024,19:26:46,TJUIDHS092030,EB,Media 10,Media 10 ideal home show,Media 10 limited,Media 10,ITV EARLY EVENING NEWS,EMMERDALE,ITV SALES,Entertainment & leisure,Leisure activities,Exhibitions,3rd last,7,ITV1 HD London Carlton,290
ITV1 HD,26/03/2024,19:27:16,KROFEKS093020,EB,Ferrero uk,Ferrero kinder surprise,Dentsu uk limited,Ferrero uk,ITV EARLY EVENING NEWS,EMMERDALE,ITV SALES,Food,Confectionery & snacks,Chocolate - countlines,2nd last,8,ITV1 HD London Carlton,244
ITV1 HD,26/03/2024,19:27:36,NSANHCA490030,EB,Ccs,Ccs nhs cancer,Manning gottlieb omd,Ccs,ITV EARLY EVENING NEWS,EMMERDALE,ITV SALES,Government social political organisation,Government institutions,Government departments,Last,9,ITV1 HD London Carlton,244
ITV1 HD,26/03/2024,19:39:58,PGOHERB003030,CB,Procter & gamble uk,Herbal essences shampoo,Starcom worldwide li,Procter & gamble uk,EMMERDALE,EMMERDALE,ITV SALES,Cosmetics & personal care,Haircare,Multi product - hair care,First,1,ITV1 HD London Carlton,272
ITV1 HD,26/03/2024,19:40:28,TGFMGFN435030,CB,Mg motor uk,Mg motors,Mediaplus uk london,Nanjing automobile c,EMMERDALE,EMMERDALE,ITV SALES,Automotive,Automotive - cars,C - lower medium,2nd,2,ITV1 HD London Carlton,215
ITV1 HD,26/03/2024,19:40:58,AMVSCCA524020,CB,Essity holding uk,Essity plenty kitchen towel,Zenith uk media limi,Essity holding uk,EMMERDALE,EMMERDALE,ITV SALES,Household fmcg,Tissues, papers & wipes",Kitchen towels,3rd,3,ITV1 HD London Carlton,215
ITV1 HD,26/03/2024,19:41:18,ACBLIUK090020,CB,Lidl uk gmbh,Lidl easter,Omd group limited,Lidl uk gmbh,EMMERDALE,EMMERDALE,ITV SALES,Food,Food brand building,Food & drink - multi product,Middle,4,ITV1 HD London Carlton,223
ITV1 HD,26/03/2024,19:41:38,ITCPPLB012030,CB,Postcode lottery,Postcode lottery,The7stars uk limited,Postcode lottery,EMMERDALE,EMMERDALE,ITV SALES,Entertainment & leisure,Gambling,Lottery,Middle,5,ITV1 HD London Carlton,223
ITV1 HD,26/03/2024,19:42:08,OHLHOME001030,CB,Homebase,Homebase stores,Havas media,J sainsburys,EMMERDALE,EMMERDALE,ITV SALES,Retail,Household,Diy stores,3rd last,6,ITV1 HD London Carlton,220
ITV1 HD,26/03/2024,19:42:38,KROSCSS115030,CB,A share & sons,Scs furniture & carpets,Dentsu manchester li,Parlour product hold,EMMERDALE,EMMERDALE,ITV SALES,Household equipment & diy,Furniture & fittings,Furniture - lounge & dining,2nd last,7,ITV1 HD London Carlton,220
ITV1 HD,26/03/2024,19:43:08,EGPCCLW243020,CB,Mars uk,Cesar dog food,Essencemediacom hold,Mars uk,EMMERDALE,EMMERDALE,ITV SALES,Household fmcg,Pet food & care,Dog food - wet,Last,8,ITV1 HD London Carlton,223
ITV1 HD,26/03/2024,19:55:31,WCRSKNW064030,EB,Sky uk,Sky now tv,Essencemediacom hold,Sky uk,EMMERDALE,WHO WANTS TO BE A MILLION RPT,ITV SALES,Entertainment & leisure,Home entertainment,Film/programme downloads/streaming,First,1,ITV1 HD London Carlton,179
ITV1 HD,26/03/2024,19:56:01,ANOANGP105020,EB,Google uk,Google pixel 8 phone,Essence global limit,Google uk,EMMERDALE,WHO WANTS TO BE A MILLION RPT,ITV SALES,Telecoms,Telecoms equipment,Mobile handsets - smartphones,2nd,2,ITV1 HD London Carlton,108
ITV1 HD,26/03/2024,19:56:21,BURTMDO515010,EB,Mcdonalds restaurant,Mcdonalds winning sips,Omd group limited,Mcdonalds restaurant,EMMERDALE,WHO WANTS TO BE A MILLION RPT,ITV SALES,Entertainment & leisure,Restaurants & bars,Fast food restaurants - brand building,3rd,3,ITV1 HD London Carlton,108
ITV1 HD,26/03/2024,19:56:31,DESLVCA379010,EB,Liverpool victoria f,Liverpool victoria motor insurance,Mindshare media uk l,Liverpool victoria f,EMMERDALE,WHO WANTS TO BE A MILLION RPT,ITV SALES,Finance,General insurance,Car insurance,Middle,4,ITV1 HD London Carlton,108
ITV1 HD,26/03/2024,19:56:41,OCHCOWG001030,EB,Etsy.com,Etsy.com online shopping,Phd media limited,Etsy.com,EMMERDALE,WHO WANTS TO BE A MILLION RPT,ITV SALES,Online retail,Online/internet retail general,Online shopping general,Middle,5,ITV1 HD London Carlton,108
ITV1 HD,26/03/2024,19:57:11,TMWOFLT014010,EB,Oak furnitureland,Oakfurnitureland.co.uk,Dentsu manchester li,Oak furnitureland ho,EMMERDALE,WHO WANTS TO BE A MILLION RPT,ITV SALES,Retail,Household,Furniture & furnishings,Middle,6,ITV1 HD London Carlton,94
ITV1 HD,26/03/2024,19:57:21,PCHPPGP003010,EB,Consorzio tutela gra,Consorzio grana padano cheese,Consorzio per la tut,Consorzio per la tut,EMMERDALE,WHO WANTS TO BE A MILLION RPT,ITV SALES,Food,Dairy,Cheese - continental,Middle,7,ITV1 HD London Carlton,94
ITV1 HD,26/03/2024,19:57:31,BURTPRM038010,EB,Premier inn,Premier inn hotels,Um,Whitbread,EMMERDALE,WHO WANTS TO BE A MILLION RPT,ITV SALES,Travel & transport,Holidays uk,Hotels/b&b uk general,Middle,8,ITV1 HD London Carlton,94
ITV1 HD,26/03/2024,19:57:41,HKXGADA032020,EB,Reckitt benckiser,Gaviscon double action,Zenith uk media limi,Reckitt benckiser,EMMERDALE,WHO WANTS TO BE A MILLION RPT,ITV SALES,Health & wellbeing,Medication,Indigestion remedies,Middle,9,ITV1 HD London Carlton,94
ITV1 HD,26/03/2024,19:58:01,ANOCRUK414030,EB,Cancer research uk,Cancer research race for life,Essencemediacom hold,Cancer research uk,EMMERDALE,WHO WANTS TO BE A MILLION RPT,ITV SALES,Government social political organisation,Charities,Cancer charities,3rd last,10,ITV1 HD London Carlton,87
ITV1 HD,26/03/2024,19:58:31,LBEDISN004020,EB,Walt disney company,Disneyland paris,Zenith uk media limi,Walt disney company,EMMERDALE,WHO WANTS TO BE A MILLION RPT,ITV SALES,Travel & transport,Holidays/overseas,Overseas resorts,2nd last,11,ITV1 HD London Carlton,87
ITV1 HD,26/03/2024,19:58:51,MCEPRBT185010,EB,Premier foods,Batchelors super noodles,Dentsu uk limited,Premier foods,EMMERDALE,WHO WANTS TO BE A MILLION RPT,ITV SALES,Food,Food cupboard / grocery,Instant snack pasta/rice/noodles,Last,12,ITV1 HD London Carlton,87
ITV1 HD,26/03/2024,20:13:08,VCCVMBR127030,CB,Virgin media,Virgin media broadband & tv,Manning gottlieb omd,Virgin group,WHO WANTS TO BE A MILLION RPT,WHO WANTS TO BE A MILLION RPT,ITV SALES,Telecoms,Fixed line services,Home broadband,First,1,ITV1 HD London Carlton,79
ITV1 HD,26/03/2024,20:13:38,MCLAJCG004010,CB,Aj bell,Aj bell investments,Mediaplus uk london,Aj bell,WHO WANTS TO BE A MILLION RPT,WHO WANTS TO BE A MILLION RPT,ITV SALES,Finance,Investments,Investment - brand building,2nd,2,ITV1 HD London Carlton,79
ITV1 HD,26/03/2024,20:13:48,MCMMATA145010,CB,Matalan retail,Matalan wholesale clothing store,Havas media,Matalan group,WHO WANTS TO BE A MILLION RPT,WHO WANTS TO BE A MILLION RPT,ITV SALES,Clothing & accessories,Clothes (ready to wear),Unisex wear/ men & womens clothing,3rd,3,ITV1 HD London Carlton,79
ITV1 HD,26/03/2024,20:13:58,UTVCHIL236030,CB,Childs farm,Childs farm toiletries,Childs farm ltd,Childs farm,WHO WANTS TO BE A MILLION RPT,WHO WANTS TO BE A MILLION RPT,ITV SALES,Cosmetics & personal care,Skincare,Multi product - skincare,Middle,4,ITV1 HD London Carlton,79
ITV1 HD,26/03/2024,20:14:28,BEMMSEA214030,CB,Marks & spencer,Marks & spencer easter,Mindshare media uk l,Marks & spencer,WHO WANTS TO BE A MILLION RPT,WHO WANTS TO BE A MILLION RPT,ITV SALES,Food,Bakery,Hot cross buns,Middle,5,ITV1 HD London Carlton,76
ITV1 HD,26/03/2024,20:14:58,HKXDFEN017020,CB,Edf energy,Edf energy,Havas media,Edf energy,WHO WANTS TO BE A MILLION RPT,WHO WANTS TO BE A MILLION RPT,ITV SALES,Business & industrial,Utilities residential,Residential renewable energy,Middle,6,ITV1 HD London Carlton,76
ITV1 HD,26/03/2024,20:15:18,REPAMEX033030,CB,American express eur,Amex business card,Um,American express eur,WHO WANTS TO BE A MILLION RPT,WHO WANTS TO BE A MILLION RPT,ITV SALES,Finance,Business banking services,Business credit cards,Middle,7,ITV1 HD London Carlton,73
ITV1 HD,26/03/2024,20:15:48,TGSGNTA005010,CB,Samworth brothers,Ginsters,The7stars uk limited,Cibus holdings,WHO WANTS TO BE A MILLION RPT,WHO WANTS TO BE A MILLION RPT,ITV SALES,Food,Delicatessen / chilled food,Pasties & slices,3rd last,8,ITV1 HD London Carlton,73
ITV1 HD,26/03/2024,20:15:58,DESLVHO115010,CB,Liverpool victoria f,Liverpool victoria home insurance,Mindshare media uk l,Liverpool victoria f,WHO WANTS TO BE A MILLION RPT,WHO WANTS TO BE A MILLION RPT,ITV SALES,Finance,General insurance,Home ins (including buildings & content),2nd last,9,ITV1 HD London Carlton,73
ITV1 HD,26/03/2024,20:16:08,MUMIEGL848030,CB,Ikea,Ikea stores,Dentsu uk limited,Ikea,WHO WANTS TO BE A MILLION RPT,WHO WANTS TO BE A MILLION RPT,ITV SALES,Retail,Household,Furniture & furnishings,Last,10,ITV1 HD London Carlton,73
ITV1 HD,26/03/2024,20:32:14,ANOANGP104020,CB,Google uk,Google pixel 8 phone,Essence global limit,Google uk,WHO WANTS TO BE A MILLION RPT,WHO WANTS TO BE A MILLION RPT,ITV SALES,Telecoms,Telecoms equipment,Mobile handsets - smartphones,First,1,ITV1 HD London Carlton,103
ITV1 HD,26/03/2024,20:32:34,HOGTOLX095030,CB,Toyota gb,Toyota lexus rz,T&p media limited,Toyota motor corpora,WHO WANTS TO BE A MILLION RPT,WHO WANTS TO BE A MILLION RPT,ITV SALES,Automotive,Automotive - cars,H - dual purpose,2nd,2,ITV1 HD London Carlton,103
ITV1 HD,26/03/2024,20:33:04,CLDDUHH006010,CB,Dunelm,Dunelm mill store,Goodstuff communicat,Dunelm group,WHO WANTS TO BE A MILLION RPT,WHO WANTS TO BE A MILLION RPT,ITV SALES,Household equipment & diy,Soft furnishings,Bed & bath linens & towels,3rd,3,ITV1 HD London Carlton,112
ITV1 HD,26/03/2024,20:33:14,MUMKNVA321010,CB,Kentucky fried chick,Kfc original recipe deal,Mindshare media uk l,Yum restaurant holdi,WHO WANTS TO BE A MILLION RPT,WHO WANTS TO BE A MILLION RPT,ITV SALES,Entertainment & leisure,Restaurants & bars,Fast food restaurants - multi product,Middle,4,ITV1 HD London Carlton,112
ITV1 HD,26/03/2024,20:33:24,ALPYTCT002010,CB,Yellow tail wines,Yellow tail shiraz wine,The7stars uk limited,Casella family brand,WHO WANTS TO BE A MILLION RPT,WHO WANTS TO BE A MILLION RPT,ITV SALES,Drink,Wine,Red,Middle,5,ITV1 HD London Carlton,112
ITV1 HD,26/03/2024,20:33:34,ICPEONN510020,CB,E on,E on next,Mediaplus uk london,E on,WHO WANTS TO BE A MILLION RPT,WHO WANTS TO BE A MILLION RPT,ITV SALES,Business & industrial,Utilities residential,Residential renewable energy,Middle,6,ITV1 HD London Carlton,112
ITV1 HD,26/03/2024,20:33:54,TBMCHWJ456030,CB,Merlin entertainment,Chessington world of adventure,Wavemaker limited,Merlin entertainment,WHO WANTS TO BE A MILLION RPT,WHO WANTS TO BE A MILLION RPT,ITV SALES,Entertainment & leisure,Leisure activities,Theme parks,Middle,7,ITV1 HD London Carlton,112
ITV1 HD,26/03/2024,20:34:24,JLNUSWT092020,CB,Uswitch,Uswitch.com,Zenith uk media limi,Uswitch,WHO WANTS TO BE A MILLION RPT,WHO WANTS TO BE A MILLION RPT,ITV SALES,Computers,Computing services,Internet services including isps,Middle,8,ITV1 HD London Carlton,118
ITV1 HD,26/03/2024,20:34:44,PCHPPGP001010,CB,Consorzio tutela gra,Consorzio grana padano cheese,Consorzio per la tut,Consorzio per la tut,WHO WANTS TO BE A MILLION RPT,WHO WANTS TO BE A MILLION RPT,ITV SALES,Food,Dairy,Cheese - continental,Middle,9,ITV1 HD London Carlton,118
ITV1 HD,26/03/2024,20:34:54,TTBERHO035020,CB,Expedia.co.uk,Hotels.com,Expedia,Expedia,WHO WANTS TO BE A MILLION RPT,WHO WANTS TO BE A MILLION RPT,ITV SALES,Travel & transport,Travel agents,Online travel/booking agents,3rd last,10,ITV1 HD London Carlton,118
ITV1 HD,26/03/2024,20:35:14,TMWOFLT014010,CB,Oak furnitureland,Oakfurnitureland.co.uk,Dentsu manchester li,Oak furnitureland ho,WHO WANTS TO BE A MILLION RPT,WHO WANTS TO BE A MILLION RPT,ITV SALES,Retail,Household,Furniture & furnishings,2nd last,11,ITV1 HD London Carlton,115
ITV1 HD,26/03/2024,20:35:24,UCSBQBR010020,CB,B & q,B&q value,Dentsu uk limited,Kingfisher,WHO WANTS TO BE A MILLION RPT,WHO WANTS TO BE A MILLION RPT,ITV SALES,Retail,Household,Diy stores,Last,12,ITV1 HD London Carlton,115
ITV1 HD,26/03/2024,20:46:00,TTBBDNV113020,CB,Beiersdorf uk,Nivea q10 wrinkle filler serum,Omd group limited,Beiersdorf uk,WHO WANTS TO BE A MILLION RPT,WHO WANTS TO BE A MILLION RPT,ITV SALES,Cosmetics & personal care,Skincare,Skin serum,First,1,ITV1 HD London Carlton,151
ITV1 HD,26/03/2024,20:46:20,CLDDUHH008030,CB,Dunelm,Dunelm mill store,Goodstuff communicat,Dunelm group,WHO WANTS TO BE A MILLION RPT,WHO WANTS TO BE A MILLION RPT,ITV SALES,Retail,Household,Furniture & furnishings,2nd,2,ITV1 HD London Carlton,151
ITV1 HD,26/03/2024,20:46:50,BURTMDO515010,CB,Mcdonalds restaurant,Mcdonalds winning sips,Omd group limited,Mcdonalds restaurant,WHO WANTS TO BE A MILLION RPT,WHO WANTS TO BE A MILLION RPT,ITV SALES,Entertainment & leisure,Restaurants & bars,Fast food restaurants - brand building,3rd,3,ITV1 HD London Carlton,151
ITV1 HD,26/03/2024,20:47:00,HOGSKSH891020,CB,Skechers,Skechers sport shoes,Wavemaker limited,Skechers,WHO WANTS TO BE A MILLION RPT,WHO WANTS TO BE A MILLION RPT,ITV SALES,Clothing & accessories,Footwear,Sports shoes and trainers,Middle,4,ITV1 HD London Carlton,146
ITV1 HD,26/03/2024,20:47:20,ACBLIUK090020,CB,Lidl uk gmbh,Lidl easter,Omd group limited,Lidl uk gmbh,WHO WANTS TO BE A MILLION RPT,WHO WANTS TO BE A MILLION RPT,ITV SALES,Food,Food brand building,Food & drink - multi product,Middle,5,ITV1 HD London Carlton,146
ITV1 HD,26/03/2024,20:47:40,OHLHOME001030,CB,Homebase,Homebase stores,Havas media,J sainsburys,WHO WANTS TO BE A MILLION RPT,WHO WANTS TO BE A MILLION RPT,ITV SALES,Retail,Household,Diy stores,Middle,6,ITV1 HD London Carlton,146
ITV1 HD,26/03/2024,20:48:10,UCSIGAV003030,CB,Avios group,Avios,Manning gottlieb omd,British airways,WHO WANTS TO BE A MILLION RPT,WHO WANTS TO BE A MILLION RPT,ITV SALES,Retail,Household,Loyalty/reward cards,Middle,7,ITV1 HD London Carlton,144
ITV1 HD,26/03/2024,20:48:40,BEVAGIM001030,CB,Paramount pictures,Paramount plus video streaming,Wavemaker limited,Paramount pictures,WHO WANTS TO BE A MILLION RPT,WHO WANTS TO BE A MILLION RPT,ITV SALES,Entertainment & leisure,Home entertainment,Film/programme downloads/streaming,3rd last,8,ITV1 HD London Carlton,144
ITV1 HD,26/03/2024,20:49:10,HOGBECL301010,CB,Bayer,Clarityn hayfever treatment,Essencemediacom hold,Bayer,WHO WANTS TO BE A MILLION RPT,WHO WANTS TO BE A MILLION RPT,ITV SALES,Health & wellbeing,Medication,Asthma & hay fever remedies,2nd last,9,ITV1 HD London Carlton,159
ITV1 HD,26/03/2024,20:49:20,LMIMTWY004010,CB,Motorway online,Motorway.co.uk,Manning gottlieb omd,Motorway online,WHO WANTS TO BE A MILLION RPT,WHO WANTS TO BE A MILLION RPT,ITV SALES,Automotive,Automotive - retailer,Automotive marketplace,Last,10,ITV1 HD London Carlton,159
ITV1 HD,26/03/2024,20:59:29,TGWSMLM011030,EB,Hutchison 3g uk,Hutchison 3g smarty,Zenith uk media limi,Hutchison 3g,WHO WANTS TO BE A MILLION RPT,KATE GARRAWAY DEREKS STORY,ITV SALES,Telecoms,Personal mobile networks & services,Mobile pay monthly - sim only,First,1,ITV1 HD London Carlton,108
ITV1 HD,26/03/2024,20:59:59,TMWOFLT014010,EB,Oak furnitureland,Oakfurnitureland.co.uk,Dentsu manchester li,Oak furnitureland ho,WHO WANTS TO BE A MILLION RPT,KATE GARRAWAY DEREKS STORY,ITV SALES,Retail,Household,Furniture & furnishings,2nd,2,ITV1 HD London Carlton,108
ITV1 HD,26/03/2024,21:00:09,LMIMTWY004010,EB,Motorway online,Motorway.co.uk,Manning gottlieb omd,Motorway online,WHO WANTS TO BE A MILLION RPT,KATE GARRAWAY DEREKS STORY,ITV SALES,Automotive,Automotive - retailer,Automotive marketplace,3rd,3,ITV1 HD London Carlton,122
ITV1 HD,26/03/2024,21:00:19,MUMKNLU330030,EB,Kentucky fried chick,Kfc lunch meal deal,Mindshare media uk l,Yum restaurant holdi,WHO WANTS TO BE A MILLION RPT,KATE GARRAWAY DEREKS STORY,ITV SALES,Entertainment & leisure,Restaurants & bars,Fast food restaurants - multi product,2nd last,4,ITV1 HD London Carlton,122
ITV1 HD,26/03/2024,21:00:49,BLBFURN204010,EB,Furniture village,Furniture village,Tmwi limited,Cadagan estates,WHO WANTS TO BE A MILLION RPT,KATE GARRAWAY DEREKS STORY,ITV SALES,Retail,Household,Furniture & furnishings,Last,5,ITV1 HD London Carlton,122
ITV1 HD,26/03/2024,21:09:56,UMWGETY006010,CB,Getyourguide deutsch,Getyourguide.com,Mediabrands limited,Getyourguide deutsch,KATE GARRAWAY DEREKS STORY,KATE GARRAWAY DEREKS STORY,ITV SALES,Travel & transport,Travel agents,Online travel/booking agents,First,1,ITV1 HD London Carlton,162
ITV1 HD,26/03/2024,21:10:06,HOGTOLX095030,CB,Toyota gb,Toyota lexus rz,T&p media limited,Toyota motor corpora,KATE GARRAWAY DEREKS STORY,KATE GARRAWAY DEREKS STORY,ITV SALES,Automotive,Automotive - cars,H - dual purpose,2nd,2,ITV1 HD London Carlton,100
ITV1 HD,26/03/2024,21:10:36,WCRSKBR052020,CB,Sky uk,Sky mobile,Essencemediacom hold,Sky uk,KATE GARRAWAY DEREKS STORY,KATE GARRAWAY DEREKS STORY,ITV SALES,Telecoms,Personal mobile networks & services,Mobile service range,3rd,3,ITV1 HD London Carlton,100
ITV1 HD,26/03/2024,21:10:56,ITCPPLB012030,CB,Postcode lottery,Postcode lottery,The7stars uk limited,Postcode lottery,KATE GARRAWAY DEREKS STORY,KATE GARRAWAY DEREKS STORY,ITV SALES,Entertainment & leisure,Gambling,Lottery,Middle,4,ITV1 HD London Carlton,100
ITV1 HD,26/03/2024,21:11:26,KROSCSS115030,CB,A share & sons,Scs furniture & carpets,Dentsu manchester li,Parlour product hold,KATE GARRAWAY DEREKS STORY,KATE GARRAWAY DEREKS STORY,ITV SALES,Household equipment & diy,Furniture & fittings,Furniture - lounge & dining,Middle,5,ITV1 HD London Carlton,100
ITV1 HD,26/03/2024,21:11:56,ICPEONN510020,CB,E on,E on next,Mediaplus uk london,E on,KATE GARRAWAY DEREKS STORY,KATE GARRAWAY DEREKS STORY,ITV SALES,Business & industrial,Utilities residential,Residential renewable energy,3rd last,6,ITV1 HD London Carlton,100
ITV1 HD,26/03/2024,21:12:16,PCHPPGP002010,CB,Consorzio tutela gra,Consorzio grana padano cheese,Consorzio per la tut,Consorzio per la tut,KATE GARRAWAY DEREKS STORY,KATE GARRAWAY DEREKS STORY,ITV SALES,Food,Dairy,Cheese - continental,2nd last,7,ITV1 HD London Carlton,100
ITV1 HD,26/03/2024,21:12:26,NCAALZH038060,CB,Alzheimers society,Alzheimers society,Medialab group limit,Alzheimers society,KATE GARRAWAY DEREKS STORY,KATE GARRAWAY DEREKS STORY,ITV SALES,Government social political organisation,Charities,Health charities,Last,8,ITV1 HD London Carlton,100
ITV1 HD,26/03/2024,21:28:32,OHLHOME001030,CB,Homebase,Homebase stores,Havas media,J sainsburys,KATE GARRAWAY DEREKS STORY,KATE GARRAWAY DEREKS STORY,ITV SALES,Retail,Household,Diy stores,First,1,ITV1 HD London Carlton,170
ITV1 HD,26/03/2024,21:29:02,TTFHOTE005030,CB,Hotel chocolat,Hotel chocolate tasting club,Gravity road limited,Hotel chocolat,KATE GARRAWAY DEREKS STORY,KATE GARRAWAY DEREKS STORY,ITV SALES,Electronics, household appliances & tech",Small appliances - kitchen,Tea/coffee makers,2nd,2,ITV1 HD London Carlton,104
ITV1 HD,26/03/2024,21:29:32,BLBFURN203010,CB,Furniture village,Furniture village,Tmwi limited,Cadagan estates,KATE GARRAWAY DEREKS STORY,KATE GARRAWAY DEREKS STORY,ITV SALES,Retail,Household,Furniture & furnishings,3rd,3,ITV1 HD London Carlton,104
ITV1 HD,26/03/2024,21:29:42,HKXDFEN017020,CB,Edf energy,Edf energy,Havas media,Edf energy,KATE GARRAWAY DEREKS STORY,KATE GARRAWAY DEREKS STORY,ITV SALES,Business & industrial,Utilities residential,Residential renewable energy,Middle,4,ITV1 HD London Carlton,104
ITV1 HD,26/03/2024,21:30:02,SAAMAXF025020,CB,Coty uk,Max factor miracle pure foundation,Zenith uk media limi,Coty uk,KATE GARRAWAY DEREKS STORY,KATE GARRAWAY DEREKS STORY,ITV SALES,Cosmetics & personal care,Make up - face,Liquid/mousse foundation,Middle,5,ITV1 HD London Carlton,107
ITV1 HD,26/03/2024,21:30:22,TGSNNQQ835030,CB,Nissan motor gb,Nissan qashqai,Manning gottlieb omd,Nissan motor gb,KATE GARRAWAY DEREKS STORY,KATE GARRAWAY DEREKS STORY,ITV SALES,Automotive,Automotive - cars,C - lower medium,Middle,6,ITV1 HD London Carlton,107
ITV1 HD,26/03/2024,21:30:52,ANOCRUK414030,CB,Cancer research uk,Cancer research race for life,Essencemediacom hold,Cancer research uk,KATE GARRAWAY DEREKS STORY,KATE GARRAWAY DEREKS STORY,ITV SALES,Government social political organisation,Charities,Cancer charities,3rd last,7,ITV1 HD London Carlton,107
ITV1 HD,26/03/2024,21:31:22,PIPSPKE031020,CB,Respoke,Spokelondon.com mens clothing,Respoke limited,Respoke limited,KATE GARRAWAY DEREKS STORY,KATE GARRAWAY DEREKS STORY,ITV SALES,Clothing & accessories,Clothes (ready to wear),Mens fashions & outfitters,2nd last,8,ITV1 HD London Carlton,132
ITV1 HD,26/03/2024,21:31:42,BURTMOR078020,CB,William morrison sup,Morrisons supermarket,Wavemaker limited,William morrison sup,KATE GARRAWAY DEREKS STORY,KATE GARRAWAY DEREKS STORY,ITV SALES,Food,Meat/poultry,Lamb,Last,9,ITV1 HD London Carlton,132
ITV1 HD,26/03/2024,21:47:28,ANOANGP105020,CB,Google uk,Google pixel 8 phone,Essence global limit,Google uk,KATE GARRAWAY DEREKS STORY,KATE GARRAWAY DEREKS STORY,ITV SALES,Telecoms,Telecoms equipment,Mobile handsets - smartphones,First,1,ITV1 HD London Carlton,150
ITV1 HD,26/03/2024,21:47:48,HOGTOBZ073030,CB,Toyota gb,Toyota bz4x,T&p media limited,Toyota motor corpora,KATE GARRAWAY DEREKS STORY,KATE GARRAWAY DEREKS STORY,ITV SALES,Automotive,Automotive - cars,H - dual purpose,2nd,2,ITV1 HD London Carlton,150
ITV1 HD,26/03/2024,21:48:18,PFYMSWW001030,CB,Marks & spencer,Marks & spencer,Mindshare media uk l,Marks & spencer,KATE GARRAWAY DEREKS STORY,KATE GARRAWAY DEREKS STORY,ITV SALES,Clothing & accessories,Clothes (ready to wear),Womens fashions & designers,3rd,3,ITV1 HD London Carlton,112
ITV1 HD,26/03/2024,21:48:48,BBHTCPT534020,CB,Tesco stores,Tesco easter,Essencemediacom hold,Tesco,KATE GARRAWAY DEREKS STORY,KATE GARRAWAY DEREKS STORY,ITV SALES,Food,Food brand building,Food - multi product,Middle,4,ITV1 HD London Carlton,112
ITV1 HD,26/03/2024,21:49:08,PMCKAPW002020,CB,Karcher,Karcher pressure washer,Starcom worldwide li,Karcher,KATE GARRAWAY DEREKS STORY,KATE GARRAWAY DEREKS STORY,ITV SALES,Gardening & agriculture,Gardening - equipment,Pressure sprayers/washers,Middle,5,ITV1 HD London Carlton,104
ITV1 HD,26/03/2024,21:49:28,MCBYEOV093030,CB,Yeo valley farms,Yeo valley organic,Fridays at nine ltd,Yeo valley farms,KATE GARRAWAY DEREKS STORY,KATE GARRAWAY DEREKS STORY,ITV SALES,Food,Dairy,Dairy - multi product,3rd last,6,ITV1 HD London Carlton,104
ITV1 HD,26/03/2024,21:49:58,UCSBABR002030,CB,British airways,British airways,Manning gottlieb omd,British airways,KATE GARRAWAY DEREKS STORY,KATE GARRAWAY DEREKS STORY,ITV SALES,Travel & transport,Travel & transport - brand building,Travel & transport - brand building,2nd last,7,ITV1 HD London Carlton,104
ITV1 HD,26/03/2024,21:50:28,GOOSRGK002030,CB,Sue ryder,Sue ryder bereavement support,Medialab group limit,Sue ryder,KATE GARRAWAY DEREKS STORY,KATE GARRAWAY DEREKS STORY,ITV SALES,Government social political organisation,Charities,Charities other,Last,8,ITV1 HD London Carlton,99
ITV1 HD,26/03/2024,23:15:22,LBEDISN002020,EB,Walt disney company,Disneyland paris,Zenith uk media limi,Walt disney company,ON ASSIGNMENT,SPORT GIVES BACK AWARDS,ITV SALES,Travel & transport,Holidays/overseas,Overseas resorts,First,1,ITV1 HD London Carlton,25
ITV1 HD,26/03/2024,23:15:42,TJUIDHS092030,EB,Media 10,Media 10 ideal home show,Media 10 limited,Media 10,ON ASSIGNMENT,SPORT GIVES BACK AWARDS,ITV SALES,Entertainment & leisure,Leisure activities,Exhibitions,2nd,2,ITV1 HD London Carlton,25
ITV1 HD,26/03/2024,23:16:12,HKXDFEN017020,EB,Edf energy,Edf energy,Havas media,Edf energy,ON ASSIGNMENT,SPORT GIVES BACK AWARDS,ITV SALES,Business & industrial,Utilities residential,Residential renewable energy,3rd,3,ITV1 HD London Carlton,20
ITV1 HD,26/03/2024,23:16:32,VCCCOMP758030,EB,Bisl,Comparethemarket.com,Omd group limited,Bgl group,ON ASSIGNMENT,SPORT GIVES BACK AWARDS,ITV SALES,Finance,General insurance,Home & motor insurance,Middle,4,ITV1 HD London Carlton,20
ITV1 HD,26/03/2024,23:17:02,VCCVMBR127030,EB,Virgin media,Virgin media broadband & tv,Manning gottlieb omd,Virgin group,ON ASSIGNMENT,SPORT GIVES BACK AWARDS,ITV SALES,Telecoms,Fixed line services,Home broadband,Middle,5,ITV1 HD London Carlton,20
ITV1 HD,26/03/2024,23:17:32,NSANHCA490030,EB,Ccs,Ccs nhs cancer,Manning gottlieb omd,Ccs,ON ASSIGNMENT,SPORT GIVES BACK AWARDS,ITV SALES,Government social political organisation,Government institutions,Government departments,Middle,6,ITV1 HD London Carlton,20
ITV1 HD,26/03/2024,23:18:02,HOMREDI908020,EB,32red,32red.com online casino,Havas media,32red,ON ASSIGNMENT,SPORT GIVES BACK AWARDS,ITV SALES,Entertainment & leisure,Gambling,Online casino,3rd last,7,ITV1 HD London Carlton,20
ITV1 HD,26/03/2024,23:18:22,IIBORKG015010,EB,Kerrygold company,Kerrygold softer butter,Yonder media ltd,Adams foods,ON ASSIGNMENT,SPORT GIVES BACK AWARDS,ITV SALES,Food,Dairy,Butter,2nd last,8,ITV1 HD London Carlton,20
ITV1 HD,26/03/2024,23:18:32,AEDAVGI130020,EB,Aviva,Aviva insurance,Zenith uk media limi,Aviva,ON ASSIGNMENT,SPORT GIVES BACK AWARDS,ITV SALES,Finance,General insurance,Car insurance,Last,9,ITV1 HD London Carlton,20
ITV1 HD,26/03/2024,23:29:33,VCCCOMP759030,CB,Bisl,Comparethemarket.com,Omd group limited,Bgl group,SPORT GIVES BACK AWARDS,SPORT GIVES BACK AWARDS,ITV SALES,Finance,General insurance,Home & motor insurance,First,1,ITV1 HD London Carlton,24
ITV1 HD,26/03/2024,23:30:03,TAGDVGB477030,CB,Unilever uk home & p,Dove men plus care,Mindshare media uk l,Unilever,SPORT GIVES BACK AWARDS,SPORT GIVES BACK AWARDS,ITV SALES,Cosmetics & personal care,Cosmetics/personal care - multi product,Multi product - personal care,2nd,2,ITV1 HD London Carlton,15
ITV1 HD,26/03/2024,23:30:33,PGOFLAS008030,CB,Procter & gamble uk,Flash dust magnet,Starcom worldwide li,Procter & gamble uk,SPORT GIVES BACK AWARDS,SPORT GIVES BACK AWARDS,ITV SALES,Household fmcg,Household cleaning/supplies,Dusters/wipes,3rd,3,ITV1 HD London Carlton,15
ITV1 HD,26/03/2024,23:31:03,PCHPPGP003010,CB,Consorzio tutela gra,Consorzio grana padano cheese,Consorzio per la tut,Consorzio per la tut,SPORT GIVES BACK AWARDS,SPORT GIVES BACK AWARDS,ITV SALES,Food,Dairy,Cheese - continental,2nd last,4,ITV1 HD London Carlton,15
ITV1 HD,26/03/2024,23:31:13,ANOCRUK414030,CB,Cancer research uk,Cancer research race for life,Essencemediacom hold,Cancer research uk,SPORT GIVES BACK AWARDS,SPORT GIVES BACK AWARDS,ITV SALES,Government social political organisation,Charities,Cancer charities,Last,5,ITV1 HD London Carlton,15